id,name,contents,homepage,address,tel,hour,coordinate
,,,,,,,
1.0,3.1만세운동길,	청라언덕 동무생각 노래비 옆에서 시내 쪽으로 내려가는 90계단까지는 3.1운동 당시 만세운동을 준비하던 학생들이 일본군의 감시를 피해 도심으로 모이기 위해 지나다녔던 솔밭길이다. 계단길에는 3.1운동 당시 모습이 담긴 사진들이 전시되어 그 의미를 더하고 있다.	,,대구광역시 중구 국채보상로102길 일대,053-661-2623,이용시간|,"[35.8690422, 128.5859122]"
2.0,83타워(83 TOWER DAEGU),"""도심 속에 우뚝 솟은 대구의 랜드마크
두류공원(頭流公園) 내에 위치한 유럽형 테마공원에 조성된 83타워(높이 202m)는 대구 전경을 한눈에 내려다 볼 수 있는 관광명소로 다보탑 형태의 팔각형 탑신을 자랑하며 한국의 전통 건축미를 재현하고 있다. ",http://83tower.kr,대구광역시 달서구 두류공원로 200,053-620-0001,"이용시간|주중 09:00 ~ 18:00, 토ㆍ일ㆍ공휴일 09:00 ~ 19:00, 4~10월 매주 토요일 09:00 ~ 21:00, 매월 마지막 주 수요일 09:00 ~ 21:00","[35.8540248, 128.5634167]"
3.0,CGV 대구 수성,"	수성구 동화백화점 8층에 위치하고 있으며, 4개관 전체좌석수 804석의 영화관이다.	",http://www.cgv.co.kr,대구광역시 수성구 지범로 191(동아백화점 8층),1544-1122,이용시간|,"[35.8211238, 128.6404645]"
4.0,CGV 대구 한일,"	CGV 대구한일이 옛 명성 그대로, 그 자리에 차별화된 감동과 사운드, 안락함을 함께 느낄 수 있도록 최첨단 시설을 갖춘 5개관의 전체 좌석수 832석의 복합 멀티플렉스 영화관으로 리모델링하였다.	",http://www.cgv.co.kr,"대구광역시 중구 동성로 39, 7층(성내1동)",1544-1122,이용시간|,"[35.8704973, 128.5953778]"
5.0,DTC섬유박물관,"	"" 섬유의 메카 대구에 세워진 국내 유일한 섬유 전문 박물관
‣ 국내 섬유 산업과 패션의 변천사부터 미래까지 한 눈에 볼 수 있는 전시 체험 공간.
2, 3, 4층 규모로 단체 관람도 가능
‣ 5세~9세까지 이용 가능한 어린이 체험실 무료 운영. 옷 제작 과정과 바느질 도구 체험 등을 진행한다. 온라인 또는 현장 사전 예약 필수
‣ 모유수유실과 육아휴게실, 물품보관실 등 편의시설이 잘 갖춰져 있음""	",www.dtmuseum.org,대구광역시 동구 팔공로 227(봉무동),053-980-1004,이용시간|09:00~18:00 ※관람 종료시간 1시간 전까지 입장 가능,"[35.9310839, 128.6448443]"
6.0,MMC(만경관),"	대구 최대, 최고의 멀티플렉스 MMC만경관은 국내 최초, 순수 국내자본과 국내 노하우로 운영되는 MMC는 영화가 보고 싶을 때 가장 먼저 들러보게 되는 곳이다.	",http://www.immc.co.kr,대구광역시 중구 국채보상로 547,1577-1015,이용시간|,"[35.8709183, 128.5904288]"
,,,,,,,
8.0,갓바위,"	""돌계단 1,365개 한 칸 한 칸 오르며 갓바위에서 소원 빌기
‣ 갓바위는 정성껏 기도하는 사람의 소원 한 가지는 꼭 들어준다는 전설을 간직하고 있다
‣ 갓바위가 있는 관봉에 올라서면 팔공산 능선과 구불구불한 길이 겹겹이 펼쳐진다
‣ 보물 제431호로 지정된 관봉석조여래좌상 앞에서 정성스레 기도를 올리는 사람들로
사시사철 붐빈다""	",,대구광역시 동구 갓바위로 229,053-983-8586,이용시간|상시,"[35.9711164, 128.7262124]"
9.0,강정고령보 - 디아크(The ARC),""" 물과 자연과 문화가 오롯이 담긴 건축예술품
‣ 강과 물, 자연을 모티브로 건축한 디아크는 예술적인 외관으로 사랑 받는다
‣ 디아크 주변으로 조성된 수변 공간, 자전거길은 주민의 녹색쉼터로 활용
‣ 지하 1층 전시관은 4대강문화관으로 꾸며진다. 1층과 2층은 생명의 순환을 테마로 하는 서클영상존이다. 최고의 힐링 장소는 디아크의 3층 전망대  ""	",http://www.riverguide.go.kr/kor/page.do?menuIdx=381,대구광역시 달성군 다사읍 강정본길 57,053-585-0916~7,이용시간|10시~18시 매주 월요일 휴관,"[35.8466589, 128.4645119]"
10.0,경북대학교 가로수길(백양로),"	""경북대 플라타너스 가로수길에서 데이트하기
‣ 오래된 플라타너스가 울창하게 터널을 이룬 낭만적인 산책길
‣ 경북대학교 제1과학관과 농구장 사이, 약 220m 길이의 백양로는 드라마 사랑비에서 두 주인공이 우산을 쓰고 걷던 길이다. 하늘을 가릴 만큼 울창한 플라타너스 나무가 호젓하게 길을 터준다 ""	",http://www.knu.ac.kr,대구광역시 북구 대학로 80 ,053-950-6078,이용시간|제한 없음,"[35.8888003, 128.6102815]"
11.0,경북대학교 박물관,"	국립 경북대학교 박물관은 1959년 개관하여 선사시대부터 최근의 민속자료에 이르기까지 약 7,000여 점의 수집품과 40,000여 점의 발굴유물이 있으며, 이 가운데 국가지정문화재인 보물 7점을 전시하고 있다. 각 전시실에는 신석기 시대의 빗살무늬토기와 돌도끼를 비롯하여 조선시대의 자기류, 회화류, 서적류, 그리고 교사자료에 이르기까지 다양한 유물들이 시대순으로 진열되어 있다. 최근에는 문화유적답사, 특별전시회 등 사회교육과 전시 기능도 강화함으로써 지역사회 주민들이 우리 역사와 문화의 고급 정보를 얻고 각 시대의 삶과 경험을 이해하며 다른 문화와 관습에 대해 폭 넓은 사고를 하는데 기여하고자 노력하고 있다.	",http://museum.knu.ac.kr/,대구광역시 북구 대학로 80,053-950-6537,"이용시간|AM 10:00 ~ PM 05:00 휴관일 : 토요일, 일요일, 공휴일","[35.8888003, 128.6102815]"
12.0,경상감영공원,"	""도심 한복판 숲과 정원을 거닐며 역사공부
‣ 조선 선조 34년(1601) 경상감영이 있던 곳. 1970년 대구시가 중앙공원으로 개장
‣ 대구의 중심부에 위치한 도심 속 정원이다. 하늘을 가릴 만큼 키 높은 나무와 꽃밭, 잔디광장, 구불구불 이어지는 산책로를 걸으며 피로와 스트레스를 해소하기 좋은 장소
‣ 경상도 관찰사의 집무실인 선화당(유형문화재 제1호)과 처소로 사용한 징청각(유형문화재 제2호)등 문화유산을 둘러보며 역사공부도 할 수 있다 ""	",,대구광역시 중구 경상감영길 99,053-254-9404,이용시간|제한없음,"[35.8722155, 128.5922224]"
13.0,계명대학교 행소 박물관,	1978년 5월 대명동 캠퍼스에서 개관하여 다양한 유적의 발굴조사와 학술대회를 개최하고 있는 곳이다. 특히 고령·성주지역의 가야시대 고분군의 발굴조사와 김천·경주 등에서 신석기시대부터 삼국시대에 이르기까지의 다양한 유적을 조사함으로써 이 지역 고대역사의 체계화와 문화 복원에 중요한 역할을 수행하고 있다. 또한 매실방에 소속되어 있는 야외의 넓은 매실농장은 교육의 장소로 사용되고 있다.	,http://www.hengsomuseum.com/,대구광역시 달서구 달구벌대로 1095,053-580-6992~3,"이용시간|AM 10:00 ~ PM 05:00 (PM 04:30까지 입장가능) 휴관일 : 일요일, 국정공휴일, 개교기념일(5월 20일)","[35.8550148, 128.4850295]"
14.0,계산성당,"	""이국적인 성당을 거닐며 100년의 역사를 돌아보는 여행
‣ 경상도에서 가장 오래된 성당으로 가톨릭뿐 아니라 대구의 역사도 볼 수 있다.
‣ 고딕양식의 외관과 스테인드글라스를 통해 들어오는 빛의 알록달록함에 매료되는
아름다운 공간이 인상적이다""	",http://www.kyesan.org,대구광역시 중구 서성로 10,053-254-2300,이용시간|제한 없음,"[35.8677053, 128.5879943]"
,,,,,,,
16.0,고산골 공룡공원,"
주말이면 어린이 동반 가족 방문객들이 즐겨 찾는 곳, 바로 고산골공룡공원이다. 
화산폭발로 만들어진 앞산답게 앞산 구석구석 중생대 백악기의 흔적을 찾아볼 수 있는데 
그 중 하나가 공룡발자국이다. 고산골공룡공원에서는 실제 크기의 움직이는 공룡 조형물, 
화석 발굴 모래놀이 시설과 더불어 공룡해설사를 통해 공룡에 대해 배우고 체험할 수 있
으며 메타세쿼이아, 은행나무, 고사리 등 중생대부터 살아온 식물들도 볼 수 있어 어린이
들의 자연생태학습장과 가족 단위 나들이명소로 각광받고 있다.   
",http://nam.daegu.kr/tour/,대구광역시 남구 용두2길 43   ,053-664-2783,이용시간|연중무휴(상시개방),"[35.8300041, 128.6034426]"
,,,,,,,
18.0,관덕정 순교 기념관,"	관덕정(觀德亭)은 조선시대에 무과 과거의 하나인 도시(都試)를 행하던 도시청(都試廳)이었고, 관덕정 앞으로는 과거를 보던 일종의 연병장이 있었다. 연병장 근처에 중죄인들을 공개 처형하던 처형장이 있었는데 동학의 창시자 최제우가 처형된 곳도 바로 이 곳이다. 을해박해(1815년), 정해박해(1827년), 기해박해(1839년), 병인박해(1866년) 때 천주교인 25명이 이곳에서 처형되었으며, 대구의 경상감영 옥사에서 순교한 이들도 31명에 이른다고 한다. 관덕정순교기념관은 한국 천주교 전래 200주년을 기념하여 천주교 대구대교구의 성지 개발 사업으로 건립된 것으로, 처형터로 고증된 땅 512.40㎡를 확보한 후 1985년부터 1990년까지의 공사기간을 거쳐 순교기념관 건립하였고, 1991년 5월 개관식을 가졌다. 지하 1층·지상 3층의 한옥 누각 형식 건물이다.	",http://www.daegusaint.org/,대구광역시 중구 관덕정길 11,053-254-0151∼2,이용시간|AM 09:30 ~ PM 06:00,"[35.8651527, 128.5911345]"
19.0,구암 팜스테이 농촌체험 마을,"	""구암팜스테이 마을은 기존의 농가민박과는 달리 농가에서 숙박을 하면서 영농, 농촌문화 체험과 인근지역 명승지 관광, 지역축제까지 참여하는 농촌문화관광이 결합된 일석삼조형 농촌체험 마을입니다.
[계절별 수확체험]
딸기, 매실따기, 감자캐기, 방울토마토따기, 사과따기, 밤줍기, 고구마캐기, 단감따기
[식체험]
인절미, 두부, 칼국수, 수제비, 송편, 김치, 화덕피자, 엿 만들기
쨈,효소,양갱만들기,  전통 한과 만들기
[생태체험]
야생화, 고추모종, 모심기, 미꾸라지 잡기, 농수서 생태체험, 구암논길,꽃길 걷기
[놀이체험]
트랙터타기, 팽이줄염색&팽이치기, 물총쏘기, 활쏘기
[공예체험]
천연염색, 비누만들기, 압화열쇠고리, 한지공예, 솔방울 가습기, 동판공예, 목공예
""	",http://www.gooam.com,대구 동구 구암길 38(미대동 555-4번지),053-984-5273,이용시간|,"[35.952814, 128.6768251]"
20.0,구암 팜스테이 체험장,"	""대구 동구 미대동 팔공산 자락에 있는 구암팜스테이 체험장은 학생들의 농촌체험, 외국인 농촌체험 등 다양한 체험을 통한 체험교육의 재미와 우리 농촌 문화 이해를 돕기위한 전통적인 농촌체험 등 다양한 프로그램이 마련되어 있다.
[계절별 농촌체험]
봄 - 야생화, 허브, 모종심기, 고추모종심기, 방울토마토따기, 밭갈기, 씨앗뿌리기
여름 - 방울토마토따기, 미꾸라지 잡기, 감자캐기
가을 - 고무가캐서구워먹기, 미꾸라지,메뚜기잡기, 콩사리, 사과,단감,자두따기,  콜라비,당근 수확체험
겨울 - 고구마, 감자, 밤, 은행 장작불에 구워먹기, 추억의 국화빵 굽기
[연중상시 농촌전통음식만들기체험]
두부, 칼국수, 인절미, 송편, 수제비, 김치, 장터국밥, 부침개 만들어 먹어보기 체험
[연중상시 일반체험]
천연염색비누체험장, 곤충학습체험장, 나무공예체험장, 집풀공예체험장
[청소년수련활동]
전통혼례체험, 트랙터타기, 예절체험, 무료전통체험
""	",http://www.gooam.kr/,대구광역시 동구 미대동 478-3,053-985-5274,이용시간|,"[35.95363710000001, 128.6796577]"
,,,,,,,
,,,,,,,
,,,,,,,
,,,,,,,
25.0,국립대구박물관,"	""대구와 경북 지역 문화유산을 보고 체험하는 알찬 공간
‣ 박물관 실내의 고대문화실, 중세문화실, 섬유복식실, 기획전시실과 야외의 유물 전시장, 유적공원, 토기가마전시장 등을 돌아보며 대구․경북 지역의 문화유산을 관람
‣ 암각화 찍어보기, 탁본하기, 문화재 조각 맞추기 등 다양한 체험 프로그램을 운영""	",http://daegu.museum.go.kr,대구광역시 수성구 청호로 321,053-768-6051~2,"이용시간|주중 09:00~18:00, 토?일?공휴일 09:00~19:00 ,4~10월 매주 토요일 09:00~21:00,매월 마지막 주 수요일 09:00~21:00 ","[35.8460881, 128.6385098]"
,,,,,,,
27.0,국제선센터,"	자연과 어우러진 고즈넉한 산사에서 다도, 명상 등 템플스테이를 통해 자신을 되돌아보는 자아성찰의 시간을 가질 수 있다. 	",http://www.dhtemple.org,대구광역시 동구 동화사1길 (도학동),053-982-0223,이용시간|,"[35.9913423, 128.7043837]"
28.0,국채보상운동기념공원,"	""대구에서 처음 시작된 국채보상운동의 정신이 깃든 도심 속 쉼터
‣ 총면적 42,509㎡에 잔디광장과 녹지 공간, 오솔길, 분수, 정자 등을 갖추고 있다. 곳곳에 벤치와 휴식 공간이 많아 시민은 물론 여행객들도 많이 찾는다
‣ 달구벌 대종과 독립지사 흉상, 국채보상운동 여성기념비 등이 있고, 공원 한 쪽에 국채보상운동 기념관도 자리해 있다   ""	",http://www.gukchae.com/, 대구광역시 중구 국채보상로 670,053-254-9401,"공원면적|42,509m2","[35.8689974, 128.6017305]"
29.0,귀금속거리,"	1970년 교동시장을 중심으로 한 시계 매장들로부터 시작되다. 1980년에 이르러 귀금속 골목으로서 면모를 갖추기 시작해서 각종 경기대회 및 기능 대회의 수상을 수십 차례에 입상, 99년에는 무역의 날 100만불 수출탑에 선정되어 대통령상을 받기도 했다. 각종 공예품 경진대회 및 공예대전에 다수 입상대구 산업디자인전에도 입상하는 등 대외적으로 매우 활발한 활동을 벌이며, 그 명성을 인정받고 있다.	",http://www.dgj.co.kr/,대구광역시 중구 교동길 35-4,053-424-9150,판매품목|보석,"[35.8735443, 128.5967084]"
30.0,금호강 자연생태공원,	시멘트와 돌로 다듬은 강변과는 다르게 옛 시골 정취를 고스란히 간직하고 있는 자연친화적인 생태공원이다. 생태계를 파괴하지 않고도 수변공원을 개발할 수 있다는 것을 보여준 대표적인 사례로 꼽히고 있다.	,"http://www.dong.daegu.kr/main/page.htm?cmd=view&mnu_uid=275&tcg_uid=21&tcg_uids=24,25,26,27,28&tsp_uid=&ttf_timeHH=&ttf_timeMM=&srchColumn=&srchKeywor",대구광역시 동구 금호강 일대,053-662-3141,이용시간|제한없음,"[35.8572725, 128.6872703]"
31.0,김광석 다시 그리기 길,"""김광석의 음악 인생이 녹아있는 골목에서 벽화 감상하기
‣ 방천시장 뒷골목, 350m 이어진 골목 담벼락에 김광석의 삶과 노래를 주제로 한 벽화가 실감나게 펼쳐진다
‣ 드라마 ""하이드 지킬, 나""에 등장했던 장면을 따라 벽화 앞에서 기념사진 남기기, 추억의 뽑기 체험 등을 할 수 있다. 골목 가득 울려 퍼지는 김광석의 음악이 운치를 더한다 ""	",https://store.naver.com/attractions/detail?entry=plt&id=33800325&query=%EA%B9%80%EA%B4%91%EC%84%9D%EB%8B%A4%EC%8B%9C%EA%B7%B8%EB%A6%AC%EA%B8%B0%EA%B8%,대구광역시 중구 달구벌대로 2238,053-218-1053,이용시간|제한 없음,"[35.8617991, 128.6077072]"
,,,,,,,
33.0,낙동강 승전기념관,"	일명 승공관이라고 하는 낙동강 승전기념관은 1979. 6. 25 준공 및 개관하였다. 6. 25당시 마지막 저지선이었던 낙동강전적지를 기념하고, 참전용사들의 거룩한 얼을 기리기 위해 세웠다.	",http://www.nakdongwar.or.kr,대구광역시 남구 앞산공원로 574-110,053-621-9880~1,이용시간|AM 10:00 ~ PM 05:00(연중무휴),"[35.82, 128.579]"
,,,,,,,
35.0,남지장사,"	""남지장사는 통일신라 신문왕 4년(684)에 양개조사가 세운 절이라고 전한다. 조선시대에 고승 무학대사가 수도한 곳이기도 하며, 사명대사가 임진왜란 때 승병들의 훈련장으로 사용하기도 하였다. 그 뒤 임진왜란 때 불탔던 것을 효종 4년(1653) 인혜대사가 청련암과 함께 다시 세웠으나, 순조 6년(1806)에 또 화재가 발생하여 2년 뒤 다시 세웠다고 한다. 청련암은 법당과 생활공간의 기능을 겸한 건물로, 앞면 3칸·옆면 2칸 규모이다. 그러나 실제로 법당의 기능보다 강당의 기능을 가진 건물로 ‘인법당’으로도 부르고 있다. 남지장사 청련암은 부분적으로 옛 건축수법을 간직하고 있는 소박한 구조의 건물이다. 부속암자인 청련암은 대구시 유형문화재 제34호로 지정되어 보존되고 있다. <좀 더 알아보기> 남지장사는 신라 신문왕(神文王) 4년 684(684) 양개조사(良介祖師)가 창건한 사찰로 조선시대의 고승 무학대사가 수도한 곳이며 임진왜란때에는 사명대사가 승병들의 훈련장으로 사용하였으나 그...중략",,대구광역시 달성군 가창면 남지장사길 127,053-614-6637,이용시간|AM 10:00 ~ PM 05:00,"[35.735059, 128.6308402]"
,,,,,,,
37.0,녹동서원,"	""
조선으로 귀화한 일본 장수 김충선을 기리는 서원
‣ 임진왜란 때 귀화한 모하당 김충선을 추모하기 위해 1789년에 건립
‣ 경내에는 녹동사, 향양문, 유적비, 서원 뒤쪽 삼정산에는 김충선의 묘소가 있다
‣ 달성한일우호관, 김충선의 귀화 후 활약상을 보여주는 역사관, 체험실 등이 있다
""	",http://www.dskjfriend.kr,대구광역시 달성군 가창면 우록길 218,053-767-5790,"이용시간|하절기(3~9월) 10:00~18:00,동절기(10~2월) 10:00~17:00","[35.7232035, 128.6463461]"
38.0,녹동서원 충절관,"	녹동서원의 좌측에 위한 충절관은 김충선의 후손과 그를 추모하는 일본인, 그리고 대구시의 후원금으로 건립하여 임진왜란 때 사용되었던 조총을 비롯하여 모하당선생의 유품. 유물과 한.일 양국의 역사. 문화. 임진란 관계 전문서적 등을 전시하고 있다. 한.일간의 교류협력의 장으로 활용코자 1998년 6월에 개관하였다.	",,대구광역시 달성군 가창면 우록길 218,053-767-5790,이용시간|AM 10:00 ~ PM 06:00,"[35.7232035, 128.6463461]"
39.0,단산지,"	"" 고즈넉한 수변 길 산책과 함께 수상 레포츠 즐기기
‣ 남녀노소 누구나 걸을 수 있는 평탄한 산책길. 호수에는 수상 레포츠 체험시설이 마련되어 있다. 수상 레포츠 시설 이용 시 비용 발생
‣ 3.5km 길이의 저수지 둘레 길에 울창한 나무가 가득해 숲속을 걷는 듯하다. 전망 벤치에 앉아 호젓하게 풍경을 감상하기 좋다. 무궁화동산에 오르면 단산지 일대 풍경이 시원하게 펼쳐진다
""	",,대구광역시 동구 팔공로 50길 66,053-662-2617,장애인 편의시설|,"[35.9218601, 128.6498312]"
40.0,달성공원,"	"" 역사의 흔적을 품은 공원, 대구에서 가장 오래된 도심 공원
‣ 사적 제 62호로 지정. 공원 안에 옛 토성과 지방문화재 자료 제3호인 관풍루가 자리
‣ 사슴과 타조, 물개, 호랑이 등을 관람할 수 있는 동물사가 있어 가족여행객에게 인기.
곳곳에 벤치와 휴식 공간이 많으며 공원 둘레는 한 바퀴 도는 오솔길이 조성되어 있어 천천히 산책하며 쉬어가기 좋다
""	",,대구광역시 중구 달성공원로 35,053-803-7350,휴일|연중무휴,"[35.8736642, 128.5777306]"
41.0,달성습지,"	"" 낙동강과 금호강이 합류하는 천혜의 자연습지
‣ 달성습지는 범람형 하천습지로 사계절 아름다운 들꽃과 겨울철새 도래지로 유명
‣ 맹꽁이, 구렁이, 수달, 수리부엉이, 검독수리 등 멸종위기종만 십여 종이 서식
‣ 2018년 완공예정인 달성습지 생태학교는 맹꽁이 생태교실, 두꺼비 생태교실, 달성습지
생태교실을 예약제로 운영중이며 생태교육관과 전시관, 탐방나루터가 조성될 예정임
""	",http://www.riverguide.go.kr ,대구광역시 달성군 다사읍 죽곡리,053-592-8852 (달성습지 관리사무소),장애인 편의시설|,"[35.8500337, 128.4642154]"
42.0,대구 근대골목,"	""대구 근대문화의 발자취를 따라 떠나는 신나는 골목 투어
‣ ‘대구 중구 근대로의 여행’ 골목투어 중 2코스에 해당. 총 1.64km, 약 2시간 소요
‣ 청라언덕에서 시작해 선교사 주택과 3.1만세운동길, 계산성당, 이상화와 서상돈고택 한의약박물관, 진골목 등을 두루 살피는 도심 걷기 여행 코스
‣ 매주 토요일 10:00, 14:00 두 차례씩 무료 정기 해설 제공  ""	",http://www.jung.daegu.kr/new/culture/pages/main/,대구광역시 중구 일대,053-661-2624,이용시간|제한 없음,"[35.8693527, 128.6061666]"
43.0,대구 약령시 관광기념품 전시판매장,"	대구약령시(한의약문화관 남측)에 위치한 관광기념품 전시판매장으로 대구지역을 대표하는 공예품, 약령시 한방제품 등의 관광기념품 및 특산품을 구입할 수 있으며, 해당건물 3층에는 도자기, 한지공예등의 공예체험장이 마련되어 있다.	",http://www.dkhand.or.kr/,대구광역시 중구 달구벌대로 415길 49,053-255-2233,"판매품목|목공예품, 도자기공예품, 홍삼제품, 한지공예품, 섬유제품 등","[35.868535, 128.5899305]"
44.0,대구 제일교회 기독교 역사관,"	경북지방에 처음 생긴 기독교회로, 선교사들이 이 지방을 개화시키기 위해 근대적 의료 및 교육을 전개했던 곳이다. 1933년 신도들의 헌금과 중앙교회의 성금으로 교회당을 새로 짓고 제일교회로 이름을 바꾸었다. 현재 이 건물의 전체적인 양식은 평면이 남북으로 긴 직사각형이고, 앞면 중앙에 현관을 두고 오른쪽에는 종탑을 세운 고딕양식의 건물이다. 1층은 사무실·유치원·청소년 예배실로 사용하고, 2층은 전체를 예배실로 사용하고 있다. 대구 제일교회는 대구의 수많은 교회 건물 중 가장 오랜 역사를 가졌고, 근대 건축사 연구에 귀중한 자료가 되고 있다. ※ 현 제일교회 남성로선교관	",,대구광역시 중구 남성로 23,053-253-2615~7,이용시간|AM 09:00 ~ PM 06:00,"[35.8691077, 128.5880024]"
45.0,대구공항 면세점,"1983년 대구공항 면세점이 창립하였으며, 21C 패션의 메카인 대구의 국제공항을 방문하는 내외국인 관광객에게 최고의 명품과 최상의 서비스를 제공하고 있다.	",http://www.granddfs.com,대구광역시 동구 공항로 221,,판매품목|면세품,"[35.89941940000001, 128.638395]"
,,,,,,,
,,,,,,,
48.0,대구그랜드호텔 면세점,"	대구지역 최초 시내면세점인 그랜드호텔 면세점이 2013년 10월부터 운영되고 있다. 대구 수성구 범어동 그랜드호텔 별관 4층 건물에 1천392㎡ 규모로 들어서있다. 1~2층은 해외명품관, 3층은 해외 및 국내브랜드관으로 중국인 관광객이 선호하는 브랜드 제품을 모았으며, 4층은 케이크와 음료를 마시며 쉴 수 있는 카페테리아로 구성됐다. 화장품·가방·시계·액세서리·안경류·담배·주류·인삼류 등 다양한 품목이 판매되고 있으며, 2014년 9월 인터넷쇼핑몰도 오픈했다.	",www.granddfs.com,대구 수성구 동대구로 305(범어동),1800-1160,판매품목|면세품,"[35.8577321, 128.6251586]"
49.0,대구근대역사관,"	""타임머신 없이 떠나는 대구 근대 시간 여행
‣ 1932년 건립된 조선식산은행 대구지점 건물을 활용한 근대문화유산. 르네상스 양식을 본뜬 건축물로 보존 상태가 양호하다. 2003년 대구시유형문화재 제 49호로 지정
‣ 1층 상설전시실과 2층 기획전시실로 구성. 근대 유물과 자료를 비롯해 조선식산은행 대구지점 금고와 우리나라 최초의 시내버스인 부영 버스 영상 체험이 눈길을 끈다
‣ 안내데스크에 요청 시 해설도 가능. 외국인 경우 디바이스(영어, 일본어, 중국어) 무료 대여  ""	",http://artcenter.daegu.go.kr/dmhm/,대구광역시 중구 경상감영길 67,053-606-6431,"이용시간|하절기(4~10월) 09:00~19:00, 동절기(11~3월)  및 토, 일, 공휴일 09:00~18:00 *관람 종료 30분 전까지 입장 가능 1월 1일, 설날·추석, ","[35.8717871, 128.5911694]"
,,,,,,,
51.0,대구도동 측백나무숲,"	불로동에서 동쪽으로 2km쯤 가면 길 오른쪽에 내를 낀 향산이 나타난다. 이 산의 북쪽으로 비탈의 높이가 100여m에 길이 60여m의 낭떠러지를 온통 덮고 있는 울창한 숲이 바로 우리나라 천연기념물 제1호로 지정된?동구 도동 측백수림이다. 측백나무는 측백나무과에 딸린 상록교목으로 큰 것은 높이 20m에 이른다. 이곳의 측백수림은 측백나무의 남한지로써 식물지리학상의 중요성으로 인해 1934년 천연기념물로 지정되었다. 또한 이곳은 조선조 대구가 낳은 대학자인 서거정 선생이 찬미한 대구 10경중 한곳으로, 측백수림 아래에는 옛날 대구에서 영천·경주로 가는 길이 있어 절벽 아래를 흐르는 계곡수와 더불어 아름다운 경치를 이루어 행인들의 피로를 덜어 주었다고 한다.	",,대구광역시 동구 도동 산 180번지,053-983-2301,이용시간|제한없음,"[35.9181134, 128.6633394]"
,,,,,,,
53.0,대구문화예술회관,"	시민들이 일상에서 문화예술을 마음껏 즐기는 문화예술회관은 해마다 다양한 공연, 전시회를 열어 사람들이 즐겨 찾는 곳이다. 열정과 재능을 발휘하는 예술가들의 창작혼이 가득하며, 감동을 전하는 문화서비스를 실천하는 것을 지향하고 있다.	",http://artcenter.daegu.go.kr/,대구광역시 달서구 공원순환로 201,053-606-6114,이용시간|AM10:00 ~ PM08:00(하절기) AM10:00 ~ PM07:00(동절기),"[35.8446585, 128.5587409]"
54.0,대구미술관,"	대구미술관(2011.5.26 개관)은 대지면적 71,202㎡ 건축면적 8,808.27㎡, 연면적 21,701.44㎡ 규모로 지하1층, 지상3층의 공간에 1~5전시실, 어미홀, 강당, 교육시설, 정보센터, 관람객을 위한 편의시설로 구성되어 있다. 대구미술관의 상징적 측면을 고려해 만들어진 어미홀(가로 15m, 세로 55m, 높이 20m)은 연1회 아티스트의 창의적인 영감을 실현하는 인큐베이팅 공간으로 활용한다. 특히 3전시장은 실내와 자연풍경과 접점을 이루는 전시장으로 고정된 곳이 아닌 율동하고, 교감하는 장소로 활용하고 있다. 대구미술관은 국내외의 근·현대미술을 소개하는 전시는 물론, 미술 강좌 등 다양한 교육프로그램 운영과 시민의 문화예술욕구에 부응하는 문화공간으로서의 역할을 담당하고 있다. ○주요시설 - 지하1층 : 프로젝트롬 - 지상1층 : 1전시실, 다목적홀, 강당, 아트샵, 사무공간 - 지상2층 : 2~5전시실 - 지상3층 : 정보센터, 휴게공간 ○부대시설 : 미술관 주변...중략",https://artmuseum.daegu.go.kr,대구광역시 수성구 미술관로 40,053-790-3000,이용시간|오전 10시 ~ 오후 6시 (매주 월요일 휴관)  ※매표시간은 개관시간30분전부터 관람시간 종료 1시간 전,"[35.8276258, 128.6739499]"
,,,,,,,
56.0,대구방짜유기박물관,"	""방짜유기에 쉽고 재미나게 다가가는 방법
‣ 전국 유일의 방짜유기 박물관, 대구올레 팔공산 1코스에 있어 걷기 여행을 겸할 수 있다
‣ 유기문화실, 기증실, 재현실, 체험장 등을 통해 우리 고유 문화유산인 방짜유기와 제작 기술을 전승, 보존, 계승한다
‣ 우리나라 대표 방짜유기장인 이봉주 장인이 제작, 수집한 귀한 방짜유기를 감상할 수 있다 ""	",http://artcenter.daegu.go.kr/bangjja, 대구광역시 동구 도장길 29,053-606-6171~4,"이용시간|하절기(4~10월) 10:00~19:00,동절기(11~3월) 10:00~18:00 / 휴무 - 매주 월요일(월요일이 공휴일인 경우 다음 날), 1월 1일, 설날·추석","[35.9655337, 128.7009189]"
57.0,대구사격장(사격체험),"	""동양 최대 규모의 사격장에서 스트레스 한 방에 날리기
‣ 실외 클레이사격장, 실내 권총사격장과 스크린사격장, 전투체험사격장 등 다양한 사격 체험 시설을 갖췄다. 방아쇠를 당기는 순간 짜릿한 손맛이 느껴지며, 멀리 표적을 겨냥하고 날아가는 접시를 맞추면서 스트레스를 날릴 수 있다
‣ 안전요원의 안내에 따라 초보자도 쉽게 사격을 즐길 수 있다
실탄 사격은 만 14세 이상부터 가능, 신분증 지참 필수
[클레이사격]
일반 24,000원(25발), 11,000원(10발)
청소년, 단체 20,000원(25발), 9,000원(10발)
[권총]
22구경 일반 13,000원, 청소년, 단체 11,000원
9mm·38구경·357구경 일반 16,000원
청소년, 단체 13,000원(10발)
[공기소총]
일반 4,000원(20발) 2,000원(10발)
청소년, 단체 3,000원(20발), 1,500원(10발)""	",http://shooting.dgsisul.or.kr,대구광역시 북구 문주길 170,053-312-0000,"이용시간|하절기(3~10월) 09:00~18:00, 동절기(11~2월) 09:00~17:00, (권총 및 공기소총 동절기 18:00)","[35.9112957, 128.5243312]"
58.0,대구삼성라이온즈파크,"	""신축 야구장에서 쾌적하게 야구 관람하기
‣ 지하철역과 가까워 접근성이 좋고 남녀노소 누구나 즐길 수 있는 야구장
‣ 8각 다이아몬드 형태로 신축해 관람석의 80%가 그늘이라 쾌적한 야구 관람이 가능.
파티플로어, 잔디석, 커플석, 모래놀이석 등 다양한 이벤트석이 있어 아이와 함께 찾은 가족, 커플 등 입맛에 따라 좌석을 고를 수 있다 ""	",http://www.samsunglions.com, 대구광역시 수성구 야구전설로 1,053-780-3300,이용시간|경기 현황에 따라 다름,"[35.8582435, 128.6306086]"
59.0,대구수목원,"	"" 쓰레기 매립장이 청정 수목원으로 재탄생
‣ 쓰레기 매립장이었던 장소를 활용해 만든 전국 최초의 도심형 수목원
‣ 약 246,503㎡ 면적에 약초원, 야생초화원, 방향식물원, 죽림원 등 23개 테마관이 있다
‣ 산림문화전시관에서 쓰레기 매립장 복원, 우리의 나무 문화, 신기한 식물 탐험 등을 주제로 전시가 이뤄진다  .
이용시간 - 09:00~18:00 (5~8월 08:00~19:00)
연중무휴 (단, 월요일은 일부 시설 견학 제한)""	",http://www.daegu.go.kr/Forestry,대구광역시 달서구 화암로 342,053-640-4100,"장애인 편의시설|휠췌어 4대, 유모차 4대","[35.8011954, 128.5204325]"
60.0,대구스타디움,"""2002년 한일월드컵 대회, 2003대구하계유니버시아드대회를 성공적으로 개최하였으며 2011년 세계육상선수권대회를 유치하였다.
또한 주변의 수려한 자연환경과 깨끗한 시설로 주변시민들 뿐만 아니라 타지에서도 많은 관광객이 찾아오는 대구의 새로운 명소로 떠오르고 있다.
체육시설을 개방하여 체력단련 및 휴식공간으로 활용할수 있도록 하고 있으며, 체육 및 문화예술 행사를 유치하여 시민들에게 한층 더 가까이 다가 가도록 노력하고 있다.""	",https://www.daegu.go.kr/cts/index.do?menu_id=00933147,대구광역시 수성구 유니버시아드로 180,053-602-2011~8,이용시간|경기 운영 시간 중,"[35.8298301, 128.690203]"
,,,,,,,
62.0,대구시민안전테마파크,"	""시민 안전의식 함양의 장
‣ 지하철안전체험장, 교통안전체험장, 모노레일체험장 등 각종 안전체험장을 한 자리에서 경험.
소방관이 직접 심폐소생술(CPR) 등 체험을 도와 효과적인 학습 가능
‣ 자칫 지루할 수도 있는 안전체험이 다채로운 구성과 소방관의 열정적인 시범으로 활기를 띤다. 진지한 표정으로 체험에 임하는 아이들이 훗날 어떠한 사고에도 의연히 대처할 수 있을 것만 같아 흐뭇하다""	",http://safe119.daegu.go.kr,대구광역시 동구 팔공산로 1155 ,053-980-7777,"이용시간|09:00~18:00 / 매주 월요일, 설날, 추석당일 휴관","[35.9891717, 128.691943]"
63.0,대구신세계백화점,"	""대구 최대의 관문인 동대구역과 고속버스 터미널을 함께 어우르고 있는 대구 신세계는 교통의 요지로서의 기능뿐만 아니라 다양한 문화, 엔터테인먼트, 쇼핑등의 컨텐츠를 제공하는 대구 최대의 라이프 스타일 센터형 공간이다.
특히 지역 유일의 아쿠아리움과 옥상 테마파크, 영화관, 갤러리, 아카데미등은 대구 뿐만 아니라영남지역에서도 최대규모를 자랑하고 있고 국내최초로 ktx, 고속/시외버스, 대중교통이 한곳에 모여있는 복합환승센터로서 시민들의 삶의질 향상에 이바지 하고 있다.""	",http://www.shinsegae.com,"대구시 동구 동부로 149(A부지), 효신로 88(B부지)",1588-1234,"판매품목|해외명품, 의류, 잡화, 가정용품, 식품 등","[35.8778124, 128.6284527]"
64.0,대구실내체육관,"	대구 시민 누구나 이용이 가능한 실내체육관으로 각종 실내, 실외 스포츠를 즐길 수 있다.	",,대구광역시 북구 대구체육관로 39,053-955-1911,이용시간|제한없음,"[35.8937914, 128.6034045]"
65.0,대구약령시 한방의료체험타운,"한방의료체험타운은 우리나라 한방을 대표하는 대구약령시의 활성화와 한의학의 우수성을 널리 알리고자 설립되었습니다. 다양하고 특성화된 체험 프로그램을 통해 유아부터 성인까지 한의학을 손쉽게 접할 수 있는 기회를 제공하여 한방대중화에 중추적인 역할을 담당할 것입니다. 4층, 5층, 6층은 각종 한방체험을 할 수 있고, 1층 2층 3층 7층은 청년몰로 카페, 식당가, 소매점 등이 조성되어 있습니다.
",http://www.kmeditown.kr,대구광역시 중구 중앙대로77길 45,053-422-1075,"이용시간|10:00~17:30 , 휴무 - 매주 월요일, 1월 1일, 설날·추석","[35.8684694, 128.5917898]"
66.0,대구예술발전소,"	"" 시민과 예술가가 소통하는 공간
‣ 대구의 연초제조창 별관 창고를 리모델링 해 지역 문화예술을 위한 공간으로 재탄생
‣ 시민과 예술가가 언제든 자유롭게 소통할 수 있고 다양한 실습, 체험 프로그램이 준비돼 있다
‣ 어른들을 위한 문화예술도서와 어린이 도서가 구비돼 있어 지역 문화 살롱의 역할을 한다""	",http://www.daeguartfactory.kr,대구광역시 중구 달성로22길 31-12,053-430-1225~8,"이용시간|동절기(11월~3월):10:00~18:00, 하절기(4월~10월):10:00~19:00","[35.8755076, 128.5845613]"
67.0,대구오페라하우스,"	제일모직(주)이 대구 지역문화와 예술발전을 위해 대구광역시에 기증한 오페라극장으로, 오페라 공연을 중심으로 지역의 공연예술을 발전시키고, 국내 정상 수준의 공연예술과 세계 여러 지역의 공연예술을 지역민들에게 소개하는 데 목적이 있다. 내부 평면은 말발굽형이고, 청각과 시각을 동원해 보고 듣는 예술 장르에 적합도록 설계하였다. 뮤지컬·발레·무용 등의 문화공연이 모두 가능하도록 최첨단 음향시설, 조명 및 영상시설을 두루 갖추었다.	",http://www.daeguoperahouse.org/,대구광역시 북구 호암로 15번지,053-666-6000,이용시간|AM 09:00 ~ PM 11:00,"[35.8835143, 128.5922301]"
68.0,대구올레 팔공산 1코스,"	"" 싱그러운 솔숲이 매력적인 편안한 산책로
‣ 유명 시인들의 시로 꾸며진 시인의 길과 유기장 이봉주 장인의 작품을 전시하는 대구방짜유기박물관을 지나 신라시대 고찰 북지장사에 이르는 길
‣ 왕복 5km, 소요시간 1시간 30분 정도의 코스. 길이 완만해 남녀노소 누구나 걷기 좋다
‣ 솔 내음 가득한 울창한 솔숲 구간이 대구올레 팔공산 1코스의 백미
""	",http://www.daegu.go.kr/EcoInfo,대구광역시 동구 도학2동 삼거리(출발점-도장교),053-985-8030,장애인 편의시설|,"[35.9639822, 128.6979607]"
69.0,대구전시컨벤션센터(EXCO),"	종합유통단지에 위치하고 있는 대구전시컨벤션센터(EXCO)는 전시, 예술, 공연, 비즈니스 등의 복합 전시문화 공간이다. EXCO의 전시실은 3m x 3m 부스를 총 600개까지 설치할 수 있는 국제 규모의 전문 전시실로 대구국제자동화기기전 대한민국 소방방재, 안전엑스포, 대한민국 그린에너지 엑스포 등 국내외 대규모 전시행사를 성공적으로 개최한 전문 전시공간이다. 최근에 국제육상대회를 기반으로 해서 더욱더 다양한 이벤트와 비즈니스에 주력하고 있다.	",https://www.exco.co.kr/,대구광역시 북구 유통단지로 90,053-601-5000,이용시간|AM 10:00 ~ PM 06:00 또는 제한없음,"[35.9071971, 128.6132633]"
,,,,,,,
71.0,대구콘서트하우스,"	""대구콘서트하우스(Daegu Concert House)는 대구광역시 중구 태평로 141(태평로2가)에 위치한 종합 공연장이다. 1975년 10월 5일에 대구시민회관으로 개관했으며, 이후 노후화로 보수·보강이 필요한 대구시민회관을 공유재산 위탁개발 사업방식으로 리노베이션하여 2013년 11월 29일에 국제적 수준의 고품격 전문 콘서트홀로 재개관을 하였다. 2016년 1월 1일에 대구콘서트하우스로 명칭이 변경되었으며 상주예술 단체로는 대구시립예술단인 대구시립합창단, 대구시립교향악단이 있다.
문화가 살아 숨쉬고 감동이 함께하는 공연문화예술의 메카 대구콘서트하우스는 다음과 같은 비전을 가지고 있다.
- 공연예술의 진흥 및 시민의 문화향유의 기회를 확대시키는 신개념 공연문화 공간 조성
- 우수한 문화예술작품의 기획 공연 등을 통하여 지역과 지역, 나라와 나라 간의 소통과 감동이 전해지는 창조적이고 미래지향적 문화공간
- 세계적 수준의 경쟁력을 갖춘 문화예술분야의 인재양성을 통하여 문...중략",https://concerthouse.daegu.go.kr/,대구광역시 중구 태평로 141,053-250-1400,이용시간|09:00~18:00,"[35.8760471, 128.5938445]"
72.0,대구향교,"	""조선시대부터 이어져 내려온 공자의 가르침이 깃든 배움터
‣ 조선 건국과 더불어 1398년 지금의 중구 교동에 대구향교 창건
‣ 임진왜란 때 소실된 후 1932년 지금 자리에 대성전과 동서무, 명륜당 재이건. 1995년 유림회관이 신축되면서 현재의 모습을 갖추게 됨. 규모가 크지는 않지만 단아한 건물과 잘 가꿔진 조경 덕분에 조용히 사색하며 거닐기 좋다""	",http://www.daeguhyanggyo.org,대구광역시 중구 명륜로 112,053-422-8700,이용시간|09:00~19:00,"[35.8595325, 128.5961517]"
,,,,,,,
74.0,대덕문화전당,"	자연과 함께 숨쉬는 남구 대덕문화전당은 문화와 자연이 공존하는 곳으로 그 이름이 널리 알려져 오고 있다. 공연, 전시, 문화강좌 등 많은 문화와 예술 프로그램을 진행, 유치해오고 있다. 또한 남구 농악단, 남구 합창단 등 예술단의 활발한 활동을 토대로 지역 문화 발전에도 이바지 하고 있다.	",http://daeduk.nam.daegu.kr/,대구광역시 남구 앞산순환로 478,053-664-3131,이용시간|AM 09:00 ~ PM 06:00,"[35.8313155, 128.5770017]"
,,,,,,,
,,,,,,,
77.0,대현프리몰,"	""더위에도 추위에도 쾌적하게 즐기는 지하 쇼핑몰
‣ 동성로 중심부를 관통하는 대구 최대 규모 지하 쇼핑몰
‣ 400m가 넘는 지하상가로, 의류, 귀금속, 액세서리, 신발, 화장품, 음식 등을 판매하는 다양한 점포가 입점해 있음
‣ 롯데영플라자, 교보문고, CGV, 2.28기념중앙공원 등과 바로 연결되는 여러 출구 이용 가능
‣ 동성로 중심가라 대구 도심의 여러 관광명소로의 이동이 편리""	",http://www.primall.co.kr/daegu,대구광역시 중구 국채보상로 580,053-255-2427~8,"판매품목|의류, 귀금속, 액세서리, 신발, 이동통신, 화장품, 음식, 기타","[35.870849, 128.5958821]"
,,,,,,,
,,,,,,,
80.0,도동서원,"	""아름드리 은행나무와 아름다운 토담을 품은 고즈넉한 서원
‣ 조선 초기의 성리학자 김굉필을 배향한 서원. 1568년 비슬산 동쪽에 건립되었다가 임진왜란 때 소실된 이후 지금 자리에 중건
‣ 조선 중기 서원 건축의 특징을 살필 수 있다. 불필요한 장식 대신 간소함을 추구했으며 서원 입구인 수월루와 강당격인 중정당, 사당이 일직선상에 배치되어 있다. 중정당 기단에 여의주와 물고기를 물고 있는 4개의 용머리 조각과 수막새의 장식무늬가 빼어난 토담이 독특하다   ""	",,대구광역시 달성군 구지면 구지서로 726,053-617-7620,이용시간|AM 10:00 ~ PM 06:00,"[35.700925, 128.3719082]"
81.0,도성암,"	비슬산 대견봉을 넘어 가파른 산기슭에 위치한 암자로 유가사에서는 1.2㎞되는 거리에 있다. 삼국유사가 전하는 바에 의하면 신라 혜공왕때 도성국사가 지었다 전한다. 고려 성종 원년(981)에 성범대사가 만일 미타량을 열고 50여년 동안 힘써 수도한 곳으로도 알려져 있다. 도성암 극락전 앞에는 신라시대에 건립된 도성암 삼층석탑도 볼 수 있다. <좀 더 알아보기> 2003년 9월 당시 한반도를 할퀴고 간 태풍 매미는 수많은 인명, 재산 피해와 함께 우리들의 가슴에도 치유하기 어려운 상처를 안겨주고 떠났다. 더구나 수해와 산사태, 강풍으로 인한 각 사찰의 피해도 커 불교계가 합심해 복구에 박차를 가하는 결집된 힘을 보이기도 했다. 당시 창녕 화왕산의 도성암은 재산피해와 더불어 흙더미가 요사채를 덮쳐 인명 사망피해까지 생겨 불자들의 안타까움을 자아내기도 했다. 불자들을 더욱 안타깝게 만든 것은 몇 개월 전 대구지하철 참사 사고로 읽은 두 딸의 명복을 빌기 위해 도성암을 찾은 어머니가 산사태...중략",,대구광역시 달성군 유가면 도성길 180,053-668-3162,이용시간|제한없음,"[35.71723, 128.5159491]"
,,,,,,,
,,,,,,,
,,,,,,,
,,,,,,,
86.0,동성로,"""젊은 기운이 살아 숨쉬는 도심의 가로광장 동성로(東城路)는 사성로 중에서 대구역네거리와 동성로관광안내소 사이 구간(900m)으로서 대구의 대표적인 중심번화가 중의 하나이다. 본래 대구읍성 동쪽의 성곽지였으나 1907년 헐리고 도로가 되면서 현재에 이르렀다. 동성로는 동성로 야외무대를 중심으로 옛 성곽의 이미지를 재현하는 장대석 띠포장의 보행자전용거리를 따라 교동 귀금속거리, 떡볶이골목, 가방골목, 야시골목, 구제골목 등 각종 골목상권을 이루고 있다. 또한 2009년에 조성된 국내 최초의‘대중교통전용지구’(반월당네거리~대구역네거리, 1.05km)는 친인간적, 친환경적인 가로로 다양한 상권과 흥미로운 디자인에 의하여 동성로와 더불어 명품가로로 자리매김하고 있다."" ",,대구광역시 중구 동성로3가 56-3,,"판매품목|의류, 주얼리, 화장품, 음식, 영화․공연 관람 등 다양함","[35.8669878, 128.5936872]"
,,,,,,,
88.0,동촌유원지,	동촌유원지(44만평)는 대구시 동쪽 금호강변에 있는 유원지로 오래전부터 대구시민이 즐겨 찾는 곳이다. 각종 위락시설이 잘 갖춰져 있으며 드라이브를 즐길 수 있는 도로가 건설되어 있다. 수량이 많은 금호강에는 조교가 가설되어 있고 아양교가 걸쳐 있다.	,,대구광역시 동구 효동로 2길 72,053-662-2865,이용시간|항시 이용 가능,"[35.878211, 128.6544215]"
89.0,동화사,"	""수려한 자연과 소중한 문화재를 품은 사찰
‣ 팔공산 남쪽 기슭에 자리한 신라시대 사찰
‣ 대웅전, 마애불좌상, 비로암 석조비로자나불좌상, 비로암 삼층석탑, 금당암 동․서 삼층석탑, 당간지주 등 경내에 문화유산이 많다
‣ 전체 높이 33m에 이르는 세계 최대 규모 석조불상인 약사여래대불이 있다
입장료 - 어른 2,500원, 청소년 1,500원, 어린이 1,000원""	",http://www.donghwasa.net,대구광역시 동구 동화사1길 1,053-980-7900,이용시간|일출~일몰 시,"[35.9929105, 128.7039968]"
90.0,동화사 다도체험,"	""대참선당에서 향기로운 차와 아름다운 전통예절을 향유하는 시간
‣ 일반인을 대상으로 한 다도체험. 예의범절과 차분한 마음가짐을 배우는 시간
‣ 차를 마시기 전에 차 도구를 데우고 차를 우려내는 동안 참가자의 마음은 고요하게 잦아든다.   다도체험은 모든 과정을 통해 몸과 마음을 정화하는 힐링 시간이다 ""	",http://www.donghwasa.net, 대구광역시 동구 동화사1길 1,053-980-7979,"이용시간|하절기 10:00~17:00, 동절기 10:00~16:00","[35.9929105, 128.7039968]"
91.0,동화사 템플스테이 체험,"	""o 체험내용 : 고즈넉한 산사에 머무르며 예불, 다도, 명상 등을 통해 자신의 참 모습을 되돌아보는 나를 찾아 떠나는 여행 체험임.
o 체험일정 및 체험비
- 1일 : 1~2시간(1만원), 2~3시간(2만원), 3~5시간(3만원), 5~6시간(4만원)
- 1박2일 : 7만원(사찰순례, 발우공양, 스님과의 차담, 참선 or 명상, 108염주꿰기등)
o 체험장소 : 동화사 국제선센터(단체, 겨울 최대 200명~여름 최대 500명가능)
※ 국제 선센터 개관(2013. 5월)으로 프로그램 다양화됨
o 연 락 처 : 053-980-7979, 홍련화(010-8225-7445)""	",http://www.dhtemple.org,대구광역시 동구 동화사1길 1,"053-980-7979, 홍련화(010-8225-7445)",이용시간|코스에 따라 다름,"[35.9929105, 128.7039968]"
92.0,두류공원,"두류공원은 1965년 공원으로 결정된 이후 1977년부터 본격적으로 개발된 도시근린공원으로서 문화, 교양, 체육시설등이 구비되어 있어 많은 시민들이 이용하는 공원으로 발전하고 있다. 두류산은 역사적 기록에 의하면 산이 둥글게 펼쳐져 있다고 하여 두리산으로 부르던 것을 지명이 한자화될때 같은 의미의 주산 또는 두류봉으로 쓰여오다가 근래에 와서 두류산으로 지칭되었다고 한다. 공원내에는 대구의 명소인 우방타워랜드, 면학장소인 두류도서관, 시민건강증진에 기여하고 있는 각종 체육시설과 시민문화의 전당인 문화예술회관이 자리잡고 있다.	",http://www.daegu.go.kr/Duryupark/,대구광역시 달서구 공원순환로 7,053-625-1949,이용시간|항시 이용 가능,"[35.8501628, 128.561659]"
93.0,두류야구장,"	두류공원은 1965년 공원으로 결정된 이후 1977년부터 본격적으로 개발된 도시근린공원으로서 문화, 교양, 체육시설 등이 구비되어 있어 많은 시민들이 이용하는 사랑받는 공원으로 발전하고 있다. 두류 야구장은1978년 7월 15일∼81년 5월 13일 야구장 건립하고 1997년 8월∼98년 7월 야구장 정비공사를 거쳐 지금의 모습을 갖추었다.	",,대구광역시 달서구 공원순환로 7,053-625-1949,이용시간|제한없음,"[35.8501628, 128.561659]"
,,,,,,,
95.0,땅땅랜드(치킨체험 테마파크),"○ 체험내용 : 2018년 9월 1일 땅땅랜드가 매년 여름 치맥축제가 열리고 있는 치맥의 성지인 대구에서 오픈 하였다.  대한민국 최초이자 최대의 치킨체험 테마파크인 땅땅랜드는 보고 만들고 먹고 즐기는 공간으로 한 곳에서 4가지의 맛을 동시에 즐길 수 있는 신개념의 복합문화의 장입니다.<br>○ 체험시간 : 1시간 30분 정도<br>○ 체 험 비 : 치킨체험 16,000원, 버거체험 17,000원, 치킨&amp;버거체험 20,000원<br>   - 20%할인 : 4인이상 가족, 13세이하, 65세이상, 장애인<br>   - 10%할인 : 20명이상 단체   ",http://codd.pay.biz,대구 동구 팔공로 220-2(봉무동 1570-1),053-721-7599,"이용시간|09:30, 10:10, 10:50, 11:30, 12:10, 13:00, 13:40, 14:20, 15:00, 15:40, 16:20, 17:00","[35.9113558, 128.6386648]"
,,,,,,,
97.0,롯데 아울렛 대구 율하점,"	롯데 아울렛 대구 율하점은 대구 동구에 위치한 아울렛/대형마트/시네마 복합몰이다. 최고 브랜드, 최상의 상품을 합리적인 가격으로 제공하고 있다.	",http://store.lotteshopping.com/handler/Main-Start?subBrchCd=052,대구광역시 동구 안심로 80,053-960-2500,"판매품목|패션잡화, 구두, 핸드백, 여성의류, 남성의류, 스포츠, 아웃도어, 아동의류外","[35.86846, 128.6934002]"
98.0,롯데몰 이시아폴리스점,"	""국내 최초로 선보이는 新개념 라이프 스타일 센터인 LOTTE MALL은 대구, 경북 지역의
고객들이 만나보지 못한 새로운 쇼핑, 문화중심의 패밀리 Shopping 테마파크로서
쇼핑몰과 함께 영화관(CGV), 키즈테마파크, Flower Garden, 고객휴게실 등 다양한 문화공간과
가족이 함께 즐길 수 있는 흥미롭고 다양한 이벤트가 펼쳐지는 One-day 라이프스타일
공간입니다.""	",http://www.lottemall.co.kr/,대구광역시 동구 팔공로49길 16,053-945-2500,"판매품목|의류, 잡화, 스포츠웨어, 해외명품 등","[35.9215394, 128.6373616]"
99.0,마비정벽화마을,"	""옛 농촌 풍경이 마을 토담과 벽면을 가득 채운 정겨운 벽화마을
‣ 마을길을 따라 1960~70년대 정겨운 농촌 풍경이 벽화로 꾸며져 있다.
‣ 벽화 외에도 연리목과 물레방아, 옛 우물, 거북바위와 남근석 등 볼거리가 다양. 1년 뒤에 받아보는 느림보 우체통과 사랑의 자물쇠 코너는 특히 연인에게 인기
‣ 농촌체험전시장에서 두부 만들기, 떡메치기, 열무김치 담그기 등 여러 가지 체험 프로그램을 이용할 수 있다. 체험은 20명 이상 가능하다
""	",http://cafe.daum.net/mabijeong,대구광역시 달성군 화원읍 마비정길 262-5,053-633-2222,이용시간|일출~일몰 시,"[35.778833, 128.5421531]"
100.0,망우당공원,"	임진왜란 때 전국 최초로 의병을 일으켜 왜적을 무찌른 의병장이자 경상도 방어사, 함경도 관찰사 등을 역임한 홍의장군 곽재우(郭再祐)의 공을 기리기 위해 조성하였다. 공원의 이름은 그의 호인 망우당(忘憂堂)에서 따왔다. 공원 안에는 곽재우의 동상이 서 있고, 동상 부근에 그의 유품을 보관하고 있는 망우당기념관이 있다. 하얀 성벽 위로 보이는 누각은 영남제일관인데, 조선시대에 축조한 대구읍성의 남문으로 일제강점기에 철거된 것을 1980년 이곳에 옮겨 중건한 것이다. 이 지방 독립운동의 산실이었던 조양회관도 이 곳에서 들러볼 수 있다.	",,대구광역시 동구 효동로 2길 93(관리사무소),053-662-2861,이용시간|제한없음,"[35.876137, 128.6562506]"
101.0,메트로센터,"	대구의 중심에 위치하고 있어 대구의 명소들과 연결이 되어 있으며 엔터테이먼트 공간과 먹거리, 쇼핑공간이 한곳에 갖추어져 있다.	",,대구광역시 중구 달구벌대로 지하 2100,053-428-8900,"판매품목|의류, 휴대폰, 생활용품, 사진관, 편의점 등","[35.8630643, 128.5870108]"
102.0,모명재,"	""모명재는 임진왜란 때 우리나라에 원병으로 왔던 명나라 장수 두사충이 귀화한 후, 그의 후손들이 1912년에 세운 것이다. 조선에 귀화한 후 계산동 일대에 정착한 두사충은 중국에 두고 온 부인과 형제들이 생각나 최정산(현 대덕산) 밑으로 집을 옮기고 명나라를 생각한다는 뜻으로 동네 이름을 대명동이라 하였다.
모명재라는 이름도 고국인 명나라를 사모한다는 뜻이며 대문에 달려 있는 만동문 역시 그 근본을 잊지 않는다는 뜻이다. 현재의 모명재는 1912년 경산 객사가 헐리자 그 재목을 사와 두사충의 묘소 앞에 지은 것인데 1966년 건물이 너무 낡아 중수하였다.
<좀 더 알아보기> 모명재는 임진왜란 때 우리나라에 원병으로 왔던 명나라 장수 두사충(杜師忠)이 귀화한 후 그의 후손들이 1912년에 세운것이다. 두사충의 호(號)는 모명(募明)으로 중국의 두릉(杜陵)이 고향이다.1592년 임란이 일어나자 그해 12월 명나라 제독(提督)이던 이여송(李如松)등과 함께 원병을 와서, 주위의 지형을 살...중략",http://Mmj.suseong.kr,대구광역시 수성구 달구벌대로 525길 14-21,053-742-3178,이용시간|AM 09:00 ~ PM 06:00,"[35.8584131, 128.6515251]"
103.0,묘골마을과 육신사,"	""대구광역시 달성군 하빈면 묘리에 있는 사당이다.
조선 세조 때의 사육신 박팽년(朴彭年), 성삼문(成三問), 하위지(河緯地), 이개(李塏), 유성원(柳誠源), 유응부(兪應浮) 등의 위패를 봉안하고 있다.""	",,대구광역시 달성군 하빈면 육신사길 64,053-668-3162,이용시간|제한없음,"[35.9110992, 128.4166761]"
,,,,,,,
105.0,미도다방,""" 추억과 차향이 가득한 다방
‣ 1928년 진골목에 문을 대구의 사랑방이자, 명소
‣ 붉은색 소파와 커튼, 시계, 액자 등 소품들이 과거로 시간 여행을 온 기분이 들게 한다
‣ 쌍화차와 약차가 인기 메뉴로, 옛날 과자가 덤으로 나온다  ""	",,대구광역시 중구 진골목길 14,053-252-9999,"판매품목|쌍화차 4,000원, 약차 3,500원","[35.8680689, 128.592691]"
,,,,,,,
,,,,,,,
,,,,,,,
109.0,보현사,"	대한불교조계종 제9교구 동화사 직할 포교당으로 정기법회, 수능백일기도, 산행법회 등 여러가지 행사와 체험 프로그램들도 시행하고 있다.	",http://www.bohyunsa.kr/,대구광역시 중구 문우관길 65,053-431-5400,이용시간|제한없음,"[35.8643738, 128.5926369]"
,,,,,,,
111.0,봉산문화거리,	서울 인사동거리에 비견되는 문화예술거리로 대구 대표화가들의 작품전이 연중 열린다.	,,대구광역시 중구 봉산문화길,053-661-2623,판매품목|,"[35.8621358, 128.5975997]"
112.0,봉산문화회관,"	대구광역시 중구 봉산문화회관은 주민들의 문화욕구 충족 및 정서를 함양하고 향토문화 창달과 지역예술을 발전시키며, 시ㆍ구민에게 건전한 여가선용 기회의제공과 문화예술과 관련된 평생교육기관의 목적을 가짐과 동시에 봉산문화거리와 연계된 종합문화예술회관으로의 기능을 지향합니다.최신의 음향시설인 라이브 및 시네마 가능시설 설치, 무대시설 자동이송장치 보강, 고급피아노(스타인웨이류) 비치, 소규모 연극과 아동극 등 공연이 가능한 스페이스라온의 설치 및 최근 개관한 오페라하우스 수준에 버금가는 쾌적하고 안락한 관람석 설치는 최적의 공연장 시설을 선호하는 출연자 뿐아니라 관객 또한 선호하는 회관으로서 연중 대관이 가능합니다. 시내중심가인 반월당 지하철 역세권과 봉산문화내거리에 위치하고 448석 객석의 규모로 공연장이용객들이 선호하는 적정규모의 회관으로서 관객의 접근성 용이, 대중교통 이용가능, 문화거리내에 위치하여 인지도가 높을 뿐 아니라, 오포산 재개발사업으로 인하여 주변 지역주민의 이용도가 높...중략",http://www.bongsanart.org/,대구광역시 중구 봉산문화길 77,053-661-3500,이용시간|09:00 ~ 22:00,"[35.8631367, 128.5965618]"
113.0,부인사,"	대한불교조계종 제9교구 본사인 동화사(桐華寺)의 말사로, 부인사(符仁寺) 또는 부인사(夫人寺)라고도 한다. 신라 선덕여왕 때 창건된 절로 추정하고 있다. 고려시대에 초조대장경의 판각이 이루어졌다고도 말해지는 부인사는 몽골 칩입시 화재로 대부분 소실되었다. 이후 중건하였으나 임진왜란 때 다시 불탔다. 지금 건물은 1930년대 초 비구니 허상득(許相得)이 원 위치에서 서북쪽으로 약 400m 거리에 있는 암자터에 중창한 것이다. 당우에는 석가모니불상과 아미타불상, 관세음보살상을 안치한 대웅전과 선덕묘, 2동의 요사채가 있다. 이 밖에도 주춧돌, 화려한 문양의 장대석(長臺石)을 볼 수 있다. <좀 더 알아보기> 부인사는 동구 신무동 팔공산 남쪽 중턱에 있는 사찰로 대한불교 조계종 제9교구 본사인 동화사의 말사이다. 현재의 부인사는 옛 부인사 경역의 뒷쪽 산밑에 자리잡고 있는 작은 절이지만 한때는 고려 초조대장경을 보관했던 호국사찰로서 매우 중요한 사찰이다. 그러나 부인사에 관한 개창시기나...중략",,대구광역시 동구 팔공산로 967-28,053-982-5006,이용시간|제한없음,"[35.9951481, 128.6732737]"
114.0,북성로공구박물관,"	""북성로 공구골목의 어제와 오늘
‣ 공구박물관은 일제강점기 건축물과 북성로 공구골목의 과거와 현재를 만나는 곳이다.
‣ 1층 전시실에는 공구를 예술작품처럼 꾸며놓은 기술자의 방, 앵글과 철근으로 제작한 부품박스 전시장, 2층에는 1970년대 북성로의 황금기에 사용되던 사무용품이 전시되어 있다. ""	",,대구광역시 중구 태평로28길 24,053-661-2000(중구청 관광과),이용시간|하절기 10:00~18:00 (12:00~13:00 휴관) 동절기 10:00-17:00,"[35.8745374, 128.5916516]"
115.0,북지장사,"	485년(신라 소지왕 7) 극달(極達) 화상이 창건했으며, 684년(신문왕 4) 양개(良价)가 창건한 달성군 가창면의 남지장사와 대비되는 절이다. 1040년(고려 정종 6) 최제안(崔齊顔)이 쓴 경주 천룡사(天龍寺) 중창 관련문서에 따르면, 이 절의 밭이 200결이나 되었다고 하므로 당시에는 규모가 큰 절이었음을 알 수 있다. 지장사라고도 불렀다고 하나 이후의 연혁은 별로 전하는 것이 없다 <좀 더 알아보기> 동화사의 말사(末寺)인 북지장사는 신라 소지왕 7년(485년)에 극달화상이 창건하였다고 전해지는 고찰로, 주변에 고려시대 이전의 유물인 건물지, 기단, 석탑 등이 있다. 지장보살을 봉안한 절로, 달성군 가창면의 남지장사와 짝을 이루고 있다. 갓바위와 동화사로 이어지는 도로변에 이정표가 있다. 대웅전 암막새에 천계(天啓)3년(1623년)과 강희(康熙)4년(1655년)의 명문이 있는 것으로 보아 17세기에 사역(使役)이 있었음을 알 수 있으며, 1975년과 1982년에 중건하였다...중략",,대구광역시 동구 도장길 243,053-982-5214,이용시간|제한없음,"[35.9762707, 128.7149961]"
116.0,불로동 고분군,"	""팔공산 남쪽 기슭에 펼쳐진 올록볼록 솟은 거대한 고분군
‣ 삼국시대 형성된 대규모 고분군. 210여 기의 고분이 밀집되어 있다. 한 바퀴 둘러보는 데 약 1시간~1시간 30분 소요된다. 능선이 완만해 아이들도 쉽게 오른다
‣ 봄, 가을철에는 고분군 사이로 코스모스 등이 피어 한층 아름답고 서정적인 풍경을 선사한다. 능선을 따라 올록볼록 솟은 고분군 뒤로 대구 시가지가 한 눈에 들어온다
‣ 고분 아래 생태 습지가 조성되어 있어 아이들 학습 공간으로 활용도가 높다 ""	",http://www.dong.daegu.kr ,대구광역시 동구 팔공로32길,053-662-2363,이용시간|제한없음,"[35.9130168, 128.6431558]"
117.0,불로화훼단지,"	1980년도부터 불로동 일대에서부터 형성되기 시작해서 지저동 일원과 경부고속도로 고가도로를 지나 봉무동 일원에도 현재 새롭게 형성되고 있다. 각종 란, 분재, 관엽, 그리고 생화 등을 취급하고 있으며, 시중 유통 가격보다 저렴하게 구입할 수 있어 많은 사람들이 찾는다. 불로고분군, 봉무레포츠공원 등 팔공산으로 가는 길가에 형성되어 있어 찾아가기에도 편리하다.	",,대구광역시 동구 불로동 732-1번지 일원,053-981-2344,판매품목|화훼,"[35.9040899, 128.6382409]"
118.0,비슬산 전기자동차,"	""해발 1,000m 고지를 오르내리는 우리나라 최초의 친환경 산악용 전기자동차. 반딧불이 모양을 한 전기자동차를 타고 비슬산 암괴류와 참꽃군락지, 대견사 등의 명소를 편하게 둘러볼 수 있다.
• 운행구간 : 비슬산 공용주차장 → 비슬산자연휴양림 관리사무소(주차장) → 대견사 입구(5.8km, 30분 정도 소요)
• 운행안내 : 09:00~일몰시까지(1일 18회)
• 운행요금 : 편도 대인 5,000원, 소인 3,000원 ""	",,대구광역시 달성군 유가면 휴양림길 230,053-668-3913,이용시간|,"[35.689999, 128.5128966]"
119.0,비슬산군립공원,"	1986년 2월 22일 달성군 군립공원으로 지정되었다. 흙산이면서도 산세가 장중하고, 대견봉과 조화봉·관기봉 사이에는 341㏊에 달하는 비슬산 자연휴양림이 있어 삼림욕과 휴식을 즐길 수 있다. 또 봄이면 고지 30만 평에 걸쳐 진달래꽃이 흐드러지게 피어 장관을 연출한다. 매년 4∼5월에 참꽃축제를 열고, 민속놀이·먹을거리 장터 등의 부대 행사를 개최한다. 그 밖에 여름에는 안개 계곡, 가을에는 단풍과 참억새, 겨울에는 얼음 동산이 유명하다. 공원 안에는 유가사(瑜伽寺)·용연사(龍淵寺)·소재사(逍災寺) 등의 고찰과 대견사지(大見寺址)가 있고, 각 사찰에는 많은 문화재가 있다. 달성공원, 달성의 측백수림, 달성 하목정 등 주변 관광지도 둘러볼 수 있다.	",https://www.dalseong.daegu.kr/culture/index.do?menu_id=00000912,대구광역시 달성군 유가면 휴양림길 230 자연휴양림 내 해발 590m,053-614-5481~2,문의전화|053-614-5481~2,"[35.689999, 128.5128966]"
,,,,,,,
,,,,,,,
122.0,사문진주막촌,"	""옛 나루터의 정취 가득한 먹을거리, 볼거리 많은 주막촌
‣ 과거 낙동강을 대표하던 나루터에 초가집, 원두막 등 옛날 분위기로 주막촌 개장
‣ 국밥, 전, 막걸리 등 먹을거리 판매, 야외 및 초가집과 원두막에서 식사 가능
‣ 낙동강 전망이 운치 있고 산책로, 분수대, 피아노 조형물 등 주변 경관이 잘 가꿔져 있다""	",http://www.hwawon.or.kr,대구광역시 달성군 화원읍 사문진로1길 40-12,"053-632-3338, 053-635-7111","이용시간|11:30~18:30(폐장 시간은 월별, 계절별로 다름). 매주 월요일 휴무","[35.8110527, 128.4787037]"
123.0,삼가헌,"	충정공 박팽년(1417∼1456)의 자손들이 정착하여 온 박씨마을 묘골과 낮은 산 하나를 경계로 하여 자리잡은 조선시대의 주택이다. 넓은 터에 대문간채·사랑채·안채·별당·연못이 배치되어 있다. 충정공의 11대손인 삼가헌 박성수가 영조 45년(1769)에 사랑채를 짓고 자신의 호를 현판으로 걸어 삼가헌이라 이름지었다. 대문을 들어서면 바로 보이는 건물이 사랑채이며, 안채는 사랑채를 거쳐야 출입을 할 수 있다. 안채와 사랑채는 트인 ㅁ자형의 구조를 하고 있으며 안채로 드나드는 중문채와 곳간으로 연결이 되어있다. 사랑채는 ㄱ자형 평면으로 넓은 대청과 골방이 딸린 온돌방 2칸·마루방·청지기방을 두었다. 안채는 ㄷ자형으로 부엌·안방·대청·건넌방·개방된 툇마루 등으로 꾸몄다. 사랑채와 안채 사이의 서쪽으로 장독대·곳간채·안변소가 자리잡고 있다.	",,대구광역시 달성군 하빈면 묘동 4길 15,053-582-4672,이용시간|제한없음,"[35.9067273, 128.412646]"
124.0,삼덕동 벽화마을,"	""구석구석 숨은 아기자기한 벽화와 근대문화유산을 발견하는 보물찾기 같은 여행
‣ 일제강점기에 지어진 적산가옥과 개량한옥, 마을 길 곳곳에 그려진 벽화를 찾는 재미가 쏠쏠한 여행지
‣ 벽화와 담장 허물기를 통해 마을공동체를 돈독히 한 마을의 사례를 알아볼 수 있는 곳 ""	",,대구광역시 중구 국채보상로150길 76-27,053-627-8986 (대구관광정보센터),이용시간|제한 없음,"[35.8652905, 128.6093704]"
125.0,삼덕동벽화골목,"	방천시장 맞은편 삼덕동주민센터 주변 골목에 조성된 벽화골목. 곳곳에 그려져 있는 아름다운 벽화와 마을 국악원인 마고재, 일본집을 개조해 만든 빛살미술관 등을 찾아볼 수 있다. 	",,대구광역시 중구 동덕로26길 101(대구삼덕초등학교와 삼덕동주민센터 사이),053-661-2195,이용시간|,"[35.8647723, 128.6088394]"
,,,,,,,
127.0,삼송베이커리,"	""대구를 대표하는 추억의 빵집
‣ 1957년 남문시장에서 삼송제과로 시작해 3대를 이어 가는 추억의 빵집
‣ 구운 고로케와 마약빵이라 불리는 통옥수수빵을 개발해 사람들의 입맛을 사로잡았다
‣ 대표메뉴는 통옥수수빵, 야채고로케, 소보로팥빵, 크림치즈 찰떡빵, 삼송 만주 등이다 ""	",http://www.ssbnc.kr,대구광역시 중구 중앙대로 397,053-254-4064 ,"판매품목|통옥수수빵, 야채고로케, 소보로팥빵, 크림치즈 찰떡빵, 삼송 만주","[35.8686266, 128.5934647]"
128.0,삼충사 묘정각,"	의병장 최계(1567년 명종 22년∼1162년 광해군14년)는 무신으로 1591년 무과에 급제한 무관이다. 1592년 임진왜란 당시, 망우당 곽재우의 의병세력과 합세하여 일본과의 전투에서 승리한 후 이곳에 거주하였는데, 후손들이 최계와 다른 이들의 업적을 기리기 위해 1828년 중에 삼충사를 건립하였다. 1828(순조 28)년에 비를 건립, 1996년 현 위치로 이전하였다.	",,대구광역시 동구 파계로 740,053-767-6704,이용시간|제한없음,"[35.9953974, 128.6394004]"
,,,,,,,
130.0,성모당,"	1990년 12월 15일 대구광역시 유형문화재 제29호로 지정되었다. 재단법인 대구천주교회 유지재단의 소유로 되어 있다. 프랑스 루르드 동굴을 본떠서 만들었다고 하며, 전국적으로 유명한 천주교 성지이다.적·흑벽돌과 화강암으로 쌓아올린 아름답고 정교한 건물로 유명하다. 1917년 7월 착공하여 1918년 8월 15일 완공하였다. 대구 천주교회 초대교구장이었던 드망주 신부가 건축하였다. 설계와 모형은 루르드 성모굴을 본떴고 가능한 한 루르드 성모굴의 크기와 바위의 세부적인 면까지 비슷하게 하였다고 한다. 건축공사는 중국인 기술자들이 담당하였다. 성모당은 교구청에서 가장 높은 곳에 자리잡고 있으며, 앞쪽에 넓은 마당이 있고 북향으로 세운 붉은 벽돌구조건축이다. 평면은 우측면의 뒤쪽이 안쪽으로 약간 꺾여 들어간 직사각형으로, 내부는 암굴처럼 꾸미고 그 위에 마리아 상을 봉안하였다. 외관은 화강암 기초 위에 흑색 벽돌로 각 모서리의 버팀벽과 수평띠를 구성하고 나머지 벽면에는 붉은 벽돌로 쌓...중략",http://www.dgca.or.kr/,대구광역시 중구 남산로 4길 112,053-250-3000,이용시간|제한없음,"[35.860625, 128.5869765]"
131.0,소재사,"	소재사는 비슬산 남쪽 중턱에 자리잡고 있고 현재의 재난을 없애 주는 곳이라는 의미를 갖고 있다. 이 사찰은 신라시대에 창건되었다고 전하여 온다. 1976년에 보수하고 경내에는 대웅전, 명부전, 산령각이 있다. 대웅전은 정면 3간, 측면 3간의 단층 맞배집으로 내삼출목, 외이출목의 다포식 건축이고, 명부전은 정면 3간, 측면 2간의 단층 맞배집으로 이익공양식의 건축이다. <좀 더 알아보기> 대한불교조계종 제9교구 본사인 동화사의 말사이다. 신라 때 창건되었다고 한다. 1358년(고려 공민왕 7) 진보(眞寶)가 중창한 뒤 1457년(조선 세조 3) 활륜(活輪), 1510년(중종 5) 외암(外巖)이 각각 중건하고 1857년(철종 8)에 법로(法盧)가 중수한 바 있다. 건물로는 대웅전과 명부전·요사채 등이 있다. 이 중 대웅전은 1978년에 보수했고 명부전은 근래에 허물어져 다시 중수하였다. 유물로는 절 뒤편에 있는 달성용봉동석불입상이 유명하다. 화강암에 조각한 불상으로 약사불로 추정된다...중략",,대구광역시 달성군 유가면 휴양림길 228,053-614-6637,이용시간|제한 없음,"[35.6913127, 128.5104588]"
,,,,,,,
133.0,수성랜드,"	1993년대에 문을 연 역사와 전통을 자랑하는 유원지 시설이며, 대구 시민의 놀이와 휴식의 대명사인 수성유원지의 핵심 시설로서 자리매김하고 있다. 새로운 시설과 최고의 서비스로 고객을 모시고 있으며, 고품격 테마파크로의 발전도 기대하고 있다.	",http://www.suseongland.co.kr,대구광역시 수성구 용학로 35-5,053-762-6622~3,장애인 편의시설|별도의 편의시설 없음,"[35.8268576, 128.6128683]"
134.0,수성못유원지,"	""
수변 산책과 분수쇼, 야경을 한 자리에서 즐기기
‣ 둘레 2km의 수성못을 따라 바늘꽃, 연꽃, 갈대 등이 어우러진 수변 데크 로드와 울창한 왕벚나무, 버드나무 가로수길이 펼쳐진다
‣ 밤에는 물 위에 비친 조명이 물감을 풀어 놓은 듯 아름답게 반짝인다.
하루 4회 영상음악분수가 가동되어 볼거리를 더한다
""	",,대구광역시 수성구 용학로 35-5,053-761-0645,이용시간|제한없음,"[35.8268576, 128.6128683]"
,,,,,,,
,,,,,,,
137.0,수창청춘맨숀,과거 연초제조창 직원들의 관사로 이용되었던 건물을 리모델링하여 탄생한 복합문화예술공간 청년예술가들의 실험적인 예술활동을 지원하고 시민들의 문화향유를 위한 다양한 프로그램들을 운영하고 있으며 과거의 흔적과 현재의 청년예술 활동들이 어울려진 모습을 엿볼 수 있다.,http://suchang.or.kr/su/,대구 중구 달성로22길 27,053-252-2566,이용시간|동절기(11월~3월):10:00~18:00 / 하절기(4월~10월):10:00~19:00,"[35.8753124, 128.5831955]"
138.0,수태골,	수량이 풍부하고 울창한 숲과 기암괴석들이 절경을 이룬다. 계곡을 따라 시원한 산행을 즐길 수 있다.	,,대구광역시 동구 팔공산로 1037-10,053-980-0300,장애인 편의시설|,"[35.9935605, 128.6813231]"
139.0,순천박씨 세거지,"	묘리에는 등실등실한 골기와집이 처마를 맞대고 있다. 이곳은 사육신 박팽년의 후손인 순천박씨들의 세거지이다. 사육신의 유일한 후손인 박일산의 후예들은 육신사를 세워 사육신 여섯 어른의 제사를 매년 지내고 있다. 육신사는 1972년 기초공사를 시작해 1981년 완공한 건물로 외삼문, 삼충각, 숭절당 등이 들어서 있다. 사육신의 행적을 기록한 육각기념비와 박일산이 창건한 태고정(보물 제 554호)이 눈길을 끌고있다. 이외에도 7대손 숭고(崇古)가 1644년에 세웠다는 충효당. 8대손 중휘(重휘)가 1664년에 세웠다는 금서헌. 14대 후손 문현(文鉉)이 1778년에 세웠다는 도곡재(무형문화재 제32호) 등이 있고, 박경리의 소설 “토지”의 배경이 되기도 했다는 묘동 박황(妙洞 朴湟)가옥, “삼가헌”(三可軒)이 오랜 역사와 전통을 이어가고 있다.	",,대구광역시 달성군 유가면 육신사길 51,053-582-4672,이용시간|제한없음,"[35.9098574, 128.4158165]"
140.0,스파밸리,"	""주암산 기슭 청정자연에서 물놀이와 온천 즐기기
‣ 워터파크, 온천, 숲 속 호텔, 동물원과 식물원이 한 자리에 있는 복합테마파크
‣ 맑은 공기를 마시며 한방과 힐링 콘셉트의 온천탕과 파도풀, 바데풀 등을 갖춘 워터파크를 즐길 수 있다
‣ 네이처파크에는 구절초공원, 편백숲 등 자연친화적인 산책길이 잘 닦여 있다
교감형 동․식물원이 조성되어 있어 산책 중에 토끼나 공작새가 나타나기도 한다, 이용 시간 - 실내 워터파크 : 09:00~18:00, 네이처파크 : 홈페이지 참조, 애니멀밸리 11:00~20:00(입장마감 19:00) / 
입장료 - [워터파크]주중, 주말 종일권 대인 58,000원, 소인 45,000원 오후권 대인 38,000원, 소인 29,000원 / [네이처파크] 홈페이지 참조",http://www.spavalley.co.kr,대구광역시 달성군 가창면 가창로 891,1688-8511,장애인 편의시설|장애인용 화장실,"[35.7882801, 128.6352517]"
,,,,,,,
142.0,신천,"	""도심을 품고 아우르는 생명의 젖줄
대구 도심을 가로지르는 하천경관의 축으로서 신천(新川)은 남측 비슬산과 최정산에서 시작하여 가창 용계에 이르러서는 팔조령 부근에서 시작하는 대천과 합류하여 침산동을 거쳐 금호강에 이르는 지방하천으로 총길이 12.5㎞, 유역면적은 165.3㎢에 이른다. 신천에는 13개의 교량이 가로지르며, 산책로와 자전거도로를 따라 시민의 휴식과 운동의 기회를 제공하며, 특히 한여름 더위를 식혀주는 물놀이장과 한겨울의 운치를 더해주는 스케이트장은 어릴 적 추억을 되살려 준다. 아울러 시민의 사회공간으로서 공연장, 축제의 장 등 여러 행사가 이루어지는 장소로 자연과 인간이 어우러지는 도시형 생태하천으로 주목받고 있다.""	",,대구광역시 중구 동인동3가,053-589-5854,이용시간|제한없음,"[35.8716373, 128.6096286]"
143.0,씨네80,"	수려한 자연 속에서 가족과 연인이 함께보는 영화세계로 CINE80이 안내합니다. 환상의 드라이브 코스와 동화사, 갓바위, 파계사, 부인사가 곁에 있습니다. 국내 최고의 펄 슬라이딩 스크린과 국내에서 2대 밖에 없는 독일산 키노톤 영사기, 헤드리딩이 아닌 레이져 방식의 사운드 리딩과 고성능 송출 시스템, 최고 설비의 자동차전용극장입니다.	",http://www.cine80.co.kr/,대구광역시 동구 팔공산로 1184,053-984-8008,이용시간|하절기 PM 06:30 ~ AM 02:00 동절기 PM 06:00 ~ AM 02:00,"[35.9878971, 128.6943218]"
144.0,아양기찻길,"	"" 폐철교의 아름다운 변신, 마을과 마을을 잇는 인도교
‣ 기차가 다니던 철교가 마을과 사람을 잇는 인도교로 재탄생
‣ 낮과 밤 모두 금호강에 반사되는 인도교가 멋진 풍경을 만든다
‣ 인도교 중간의 카페, 갤러리가 있는 쉼터는 마을사랑방 역할을 하는 문화 공간""	",,대구광역시 동구 해동로 82,053-662-4073(동구청 문화교육과),이용시간|제한 없음,"[35.8926345, 128.6418185]"
145.0,아양아트센터,"	동구에 위치하고 있으며 공연장, 야외공연장, 전시장, 문화센터, 스포츠센터 등을 갖추어 지역민들이 쾌적하고 안전한 공간에서 문화생활을 즐길 수 있게 하였다.	",http://www.ayangarts.or.kr/,대구광역시 동구 효동로 2길 24,053-951-3300,"이용시간|프로그램, 시설마다 확인","[35.8797836, 128.6519603]"
,,,,,,,
147.0,안지랑 곱창골목,"
 대구에 오면 꼭 먹어야하는 음식으로 곱창을 손꼽는다. 타지에서 더 유명한 맛골목 안
지랑곱창골목은 1979년경 안지랑시장 충북식당을 시작으로 현재 50여 곳의 곱창집들이 
영업하고 있다. 저렴한 가격에 서민들이 부담 없이 즐길 수 있는 대표 음식골목이자 5대 
음식테마거리, 한국관광 100선에 선정되는 등 전국은 물론 해외 관광객들도 찾는 대구 
대표 관광명소로 자리 잡았다. 
",http://nam.daegu.kr/tour/,대구광역시 남구 대명로36길 63,053-664-2763,주차시설|주차 가능 (안지랑곱창골목공영주차장),"[35.8365922, 128.5748682]"
,,,,,,,
149.0,앞산 카페거리,"대명9동 일대 주택을 리모델링한 레스토랑, 아기자기한 개인 카페가 모여 있는 앞산카
페거리는 맛있는 식사와 커피, 디저트는 물론 봄에는 새하얀 벚꽃, 가을 은행나무 가로
수, 겨울에는 크리스마스 거리조명 등 계절별 인생샷을 남길 수 있어 커플 데이트 명소로 유명하다.
",http://nam.daegu.kr/tour/,대구광역시 남구 대명로 141 일대  ,053-664-2763,주차안내|주차 가능 (앞산카페거리공영주차장),"[35.834655, 128.5619537]"
150.0,앞산 케이블카,"
 앞산공원은 대구 도심에 위치해 접근성이 좋고 산책로, 등산로가 잘 갖춰져 있어 대구
시민들이 앞산을 즐겨 찾는다. 앞산 큰골을 따라 15분 정도 올라가면 케이블카가 있어 
노약자와 어린이들도 쉽게 앞산 정상까지 이동할 수 있다. 케이블카에서 멀지 않은 곳에 
위치한 앞산전망대는 대구전경을 한 눈에 조망할 수 있으며, 케이블카 승강장 옥상에 위
치한 소프라전망대에서도 대구야경을 감상할 수 있다. 
",http://www.apsan-cablecar.co.kr/,대구광역시 남구 앞산순환로 574-116,053-656-2994,"이용시간|(평일)10:30~19:30, (금,토,일)10:30~20:00 *월별 운행시간이 다르며, 우천 및 기타 사정으로 조기 종료 될 수 있음","[35.8289965, 128.5890545]"
151.0,앞산공원,"	""앞산공원은 도심에서 4.5㎞이내에 위치하여 시민들의 접근이 용이하고 자연경관이 수려하고 산림이 울창하며, 체력단련이 용이하다.
앞산""""으로 불리워지고 있는 것은 대구의 앞쪽에 있는 산이라는 뜻으로 불리워지던 것이 고유명사로 굳어졌을 것으로 생각된다.
앞산케이블카 - 앞산 큰골 중심부를 가로질러 해발 300m에서 600m에 다다른다.
앞산은 행정구역상 대구광역시 남구, 수성구, 달서구에 위치하고, 공원내에는 크고 작은 8개골과 20여개의 약수터 및 수많은 등산로가 있다.
6.25당시 낙동강 전투의 승리를 기념하기 위한 낙동강 승전 기념관과 목숨을 바쳐 나라를 지킨 호국영령들을 추모하기 위한 충혼탑 및 청소년수련원, 궁도장, 승마장, 남부도서관을 비롯하여 체력단련장 등이 각 골에 고루 배치되어 있다. 앞산에는 113과 571종의 식물들이 자생하고 천연림에 가까운 참나무숲 10만여평과 잣나무단지24㏊ 5만여본이 울창하게 자라고 있고, 연중 1,600여만명이 즐겨 찾는 천혜의 산...중략",http://www.daegu.go.kr/Apsanpark,대구광역시 남구 앞산공원로 574-87,"053-625-0967, 053-629-8376",이용시간|시설에 따라 다름,"[35.82, 128.579]"
152.0,앞산전망대,"	""대구 시내를 조망할 수 있는 으뜸 명소
‣ 앞산케이블카를 타고 오르내리는 쉽고 편안한 여정
‣ S자로 굽어지며 흐르는 낙동강을 시작으로 오른쪽으로 도시를 감싸는 산자락이 겹겹이 펼쳐진다. 노을이 붉게 물든 하늘 아래 하나 둘 불을 밝히는 도심의 불빛이 잔물결 일렁이는 바다처럼 아름답게 펼쳐진다""	",,대구광역시 남구 앞산순환로 454 ,053-803-5450,"이용시간|10:30~19:00(금, 토, 일, 공휴일 21:00까지, 10월 기준) *케이블카 이용시간은 매월 상이함","[35.8289965, 128.5890545]"
153.0,앞산해넘이 전망대,"
 일몰과 함께 대구의 경관을 한눈에 담을 수 있는 앞산해넘이전망대는 대구의 새로운 관
광 랜드마크로 남구 앞산 빨래터 공원에 위치한다. 13m의 타워와 243m의 경사로로 구
성되어 있는 앞산해넘이전망대는 앞산 빨래터 공원의 역사와 상징을 담아 전망대 디자인
은 빨래 짜는 모습을 형상화 하였다. 전망대에 이르는 경사로가 완만하여 앞산의 전경과 
주변경관을 볼 수 있어 여유롭게 산책하기 좋다. 
",,대구광역시 남구 앞산순환로 351-21,,이용시간|연중무휴 09:00~21:00,"[35.8320522, 128.5645995]"
,,,,,,,
,,,,,,,
156.0,약령시 한의약박물관,"""350여 년 역사를 잇는 약령시에서 한방 웰빙 체험하기
‣ 한의약의 원리와 생활 속 한방요법을 재미있게 체험할 수 있는 약령시 한의약박물관.
무료 체험시설과 유료 체험 프로그램이 있다
‣ 3층 전시실에 100년 전 약전골목을 실감나게 재현해 놓았다. 온갖 약초 표본과 한약 만드는 도구 등을 본 뒤 2층 한방체험실에서 한방족욕체험, 셀프 건강체크 등을 체험할 수 있다
""	",http://dgom.daegu.go.kr,대구광역시 중구 달구벌대로 415길 49,053-253-4729,"이용시간|09:00~18:00(마지막 주 수요일 21:00) , 휴무 - 매주 월요일, 1월 1일, 설날·추석","[35.868535, 128.5899305]"
157.0,어린이회관,"	""어린이들이 마음껏 뛰어놀 수 있는 넓은 잔디광장에 과학탐구기구 등 볼거리로 가득한 체험학습장이다. 각종 문화예술 행사도 열려 온 가족이 즐겨 찾는 도심 속 휴식공간이다.
• 관람 : 09:30~18:00 (1월 1일, 설·추석 당일 휴관)""	",http://childhall.daegu.go.kr,대구광역시 수성구 동대구로 176(황금동 626),053-760-0621~5,이용시간|,"[35.8469129, 128.6272003]"
158.0,어울아트센터,"1999년 북구문화예술회관으로 시작한 어울아트센터는 북구의 발전역사와 함께 해온 문화의 시작점입니다. 리듬의 음율처럼 다채로운 높낮이를 가진 아트센터에는 425명을 수용할 수 있는 공연장과 60평의 전시장이 있습니다. </ br>

지난 2015년 생활문화센터를 개소하면서 작은 공연장과 야외공연장, 작은 전시장도 새롭게 마련되었습니다. 아트센터를 둘러싼 다양한 꽃과 나무들은 사계절 마다 다른 모습으로 맞이하며, 사이사이 전시된 조각 작품과 어우러져 누구에게나 열려있는 조각공원이 됩니다.

이처럼 여러분의 어울아트센터는 전문적인 공연, 전시를 비롯해 생활문화예술을 경험할 수 있는 작지만 강한 복합문화공간으로 지역의 문화지평을 넓혀가고 있습니다.",https://www.hbcf.or.kr/,대구광역시 북구 구암로 47,053) 320-5120,이용시간|제한없음,"[35.9351297, 128.5462372]"
159.0,얼라이브 아쿠아리움 대구,"""국내 최초로 적용된 수조들이 규모 2000톤, 4개의 테마존으로 구성되어 있으며, 200여종의 해양생물 및 동물들과의 교감으로 메인 수조의 수중 촬영 생태설명회, 국내 최초 적용되는 샤크 브릿지, 트리하우스의 앵무새먹이주기 체험 등으로 생생한 해양 생태계를 고객님들께 선사합니다.<br>
편의시설 : 수유실, 장애인용 화장실<br>
체험프로그램 : 샤크브릿지, 앵무새먹이주기, 잉어먹이주기 등 다양한 체험프로그램 제공""	",https://daeguaqua.com/,"대구광역시 동구 동부로 149, 9층 (신천동 신세계백화점 대구점)",053-247-8899,이용시간|평일(월화수목) 오전 10:30 ~ 오후 8:00 / 주말(금토일) 오전 10:30 ~ 오후 8:30,"[35.8777863, 128.6288068]"
160.0,에코테마파크 대구 숲(휴업중),"""사계절 내내 친환경 레저 체험을 즐길 수 있는 에코 테마파크
‣ 테마정원, 체험공방, 에코어드벤처 등 자연 속 놀거리, 체험거리가 한데 모여 있다
‣ 입구 메타세쿼이어숲에서 시작해 홍단풍길, 소나무가 우거진 피톤치드광장까지 길마다 수목이 울창하다
‣ 유럽식 자연친화형 레포츠인 에코어드벤처. 중간 중간 농경생활사박물관, 녹차원, 동물사육장, 허브정원, 전망대 등이 있어 지루할 틈이 없다
이용 시간 - 오전 10시 ~ 오후 6시
이용 요금 - 9500원",http://daeguforest.com/,대구광역시 달성군 가창면 가창로 1003,053-761-7400,"장애인 편의시설|장애인 전용 주차구역, 휠체어 대여, 장애인 전용 화장실","[35.793695, 128.6265451]"
161.0,에코한방웰빙체험관,"	"" 도심 속에서 힐링 하기
‣ 철거 위기에 있던 (옛)이해영정형외과 일원 건물을 한방관련 전시, 판매, 체험 공간으로 재탄생시킨 공간
‣ 한약재 향이 은은하게 퍼지는 약전골목을 걷다가 한방차 한 잔 마시고 안마체험도 하며 쉬어가기 좋다. 여행으로 지친 피로를 힐링 안마체험을 통해 풀 수 있다""	",,대구광역시 중구 남성로 24,053-422-9651,이용시간|09:00~19:00 (11~3월까지는 18:00),"[35.8690398, 128.5880628]"
,,,,,,,
163.0,영남제일관,"	지방행정관서가 있는 곳에 평지에 축성된 대구 읍성(邑城)은 1590년(선조23년)에 처음 만들 때는 흙으로 쌓은 토성(土城)이었으나, 임진왜란 때 허물어진 뒤 1736년(영조 12)에 돌로 다시 쌓아 석성(石城)을 만들었다. 성에는 동서남북에 4개의 정문을 두었는데, 동문은 진동문(鎭東門), 서문은 달서문(達西門), 남문은 영남제일관(嶺南第一關), 북문은 공북문(拱北門)이라 하였다. 1906년 읍성이 철거될 때 성문들도 함께 철거되었다. 지금 대구제일의 향토상징 관문으로서 금호강과 함께 대구시민들이 대자연의 운치를 마음껏 즐기는 곳이다. <좀 더 알아보기> 한국에서는 옛날부터 구릉과 산성을 방수의 요충으로 중시하고 평지에 있는 취락에 성지를 축조하는 예가 드물었다. 지금 시내에 있는 달성은 삼국시대 이래 여러 차례 가축된 바 있지만 이것은 읍성이 아니고 오히려 관아를 중심으로 방수한 것이었다. 대구의 평지에 성축 한 것은 부사로 취임한 윤 현(尹峴)때 일이다. 그는 선조 24년에 ...중략",,대구광역시 수성구 팔현길 248,053-666-2172,이용시간|제한없음,"[35.875423, 128.6582502]"
,,,,,,,
,,,,,,,
,,,,,,,
167.0,옥연지 송해공원,"봄이면 만개하는 벚꽃길로 유명한 옥연지 일대에 송해공원을 조성하여 새로운 휴양 코스로 급부상하고 있는 곳이다. 송해공원은 달성군 명예군민인 방송인 송해 선생의 이름을 따 명칭한 곳으로, 둘레길 데크, 백년수중다리, 바람개비 쉼터, 전망대, 금동굴, 얼음빙벽 등 다양한 볼거리로 조성되어있다. 2018년까지 삼림욕장조성, 전국노래자랑 무대 조성, 송해 조형물 설치 등 다양한 볼거리가 있는 달성군의 대표 관광지로 거듭날 예정이다.",,대구시 달성군 옥포면 기세리 306,053-668-3763,이용시간|,"[35.7804052, 128.4801515]"
168.0,온천엘리바덴,"지하 999m 아래 물을 정수처리 없이 그대로 사용할 수 있는 국내 최고의 유황온천. 사계절 유수풀, 바데풀, 유황온천, 찜질방 등 남녀 노소 함께 즐길 수 있는 도심 속 워터파크이다.	",,대구광역시 달서구 조암로 38,053-288-5000,,"[35.82342740000001, 128.522399]"
,,,,,,,
,,,,,,,
171.0,옻골동산,	대구광역시 북구 칠곡 3지구의 국우터널 근처에 있는 공원이다. 주변에 동천공원과 운암지공원이 있다. 여름이면 잔디광장과 푸른 숲이 인상적인 곳으로 겨울이면 다소 한적하다. 시민들의 소풍 장소 및 단체구기를 위한 장소로도 많이 이용되고 있다.	,,대구광역시 북구 구암로 388-25,053-665-2743,이용시간|연중무휴,"[35.9441855, 128.5764068]"
172.0,옻골마을 전통문화 체험,"""o 체험내용 : 동구 둔산동 경주최씨 옻골 마을 집성촌에서 고택숙박체험, 전통문화 및 민속놀이체험 등을 한국전통마을에서 체험할 수 있음
o 체험기간 : 4월~11월(매주 월 휴무)
- 단체 전통문화체험(단체 20명이상, 2~3시간기준) : 10,000원 서당, 다도, 예절, 떡메치기, 한지공예, 전통놀이 생태체험, 산책 등
- 개인및가족 체험 : 다도체험 3,000원 등, 전통놀이체험 무료
- 고택숙박체험 : 1방당(방2개, 3~9명), 100,000원
o 체험장소 : 둔산동 경주최씨 옻골마을&nbsp;&nbsp;&nbsp;
o 다도체험
- 운영시간 : 10:00~17:00
- 소요시간 : 20분
- 가 격 : 3,000원
- 비 고 : 다도,다식
o 한복입어보기 체험
- 운영시간 : 10:00~17:00
- 소요시간 : 20분
- 가 격 : 2,000원
o 한복입고 다도체험
- 운영시간 : 10:00~17:00
- 소요시간 : 40분
- 가 격 : 5,000원
- 비 고 : 예절...중략",,대구광역시 동구 옻골로 195-5 일원,010-3708-4408 ,이용시간|,"[35.9077486, 128.6867145]"
173.0,옻골마을(경주최씨 종가),"""문화재청이 선정한 ‘전국 10대 아름다운 돌담길’
‣ 350년 수령의 회화나무숲을 지나 마을에 들어서면 옛 돌담길을 따라 고택 20여 채가 옹기종기 모여 있다. 400여 년 이어온 고택을 통해 조선시대 생활양식을 살펴볼 수 있다
‣ 마을에는 전통체험을 할 수 있는 프로그램을 운영한다. 마을 해설을 무료로 들을 수 있다 ""	",,대구광역시 동구 옻골로 195-5,053-983-1040,"이용시간|전통 체험장 10:00~16:00 (예약제, 예약문의 053-983-1040)","[35.9077486, 128.6867145]"
174.0,와룡산 상리봉 전망대,"산의 모습이 마치 용이 누운 형국과 같다고 하여 붙여진 이름이 '와룡산'이다.
와룡산은 해발 299.6m로 도심과 가깝고 산세가 완만하여 찾는 이가 많은 산으로,
계성고 우측 등산로로 걷다보면 자연생태체험숲을 지나 상리봉 정상에 다다르게 된다.

상리봉 정상에는 대구 전경과 금호강을 한 눈에 담을 수 있는 전망대가 조성되어 있는데
탁월한 전경으로 매년 1월 1일마다 해맞이 행사를 개최하는 곳이기도 하다.
계성고~상리봉 왕복 코스는 총 2.4km로 30~40분이 소요된다.
",,대구광역시 서구 새방로 171,053-663-2825,이용시간|제한없음,"[35.8673609, 128.5289595]"
175.0,용연사,"	용연사는 비슬산의 북쪽 기슭에 자리잡은 사찰로 달성군 옥포면에 소재한다. 진입로 입구에 조성된 벚꽃길이 유명하며, 계곡 입구에 이르면 용연사의 명물 '옥연지'가 나타난다. 용연사는 912년(신라 신덕왕 1년) 보양선사에 의해 창건되었다. 용연사 적멸보궁 뒤뜰에는 자장율사가 중국에서 모셔온 석가세존 진신사리를 봉안한 석조계단이 조성되어 있다. 이중기단 위에 석종형 탑신을 세우고 팔부신상, 사천왕상으로 조각한 이 석조계단은 그 자체만으로도 훌륭한 석조예술품으로 보물 제 539호로 지정되어 있다.	",,대구광역시 달성군 옥포면 용연사길 260,053-616-8846,이용시간|제한 없음,"[35.7481597, 128.5211241]"
,,,,,,,
177.0,월곡역사 박물관,"대구광역시 달서구 상인동에 있는 역사박물관. 임진왜란 당시 의병을 일으켜 1등 선무원종공신에 봉해진 우배선(禹拜善, 1569~1621년)과 관계된 유물, 단양 우씨 월촌 종중 소장품, 각종 생활용품과 농기구 등을 전시하고 있다. 1층 전시실 농경시대생활관에는 우씨 문중에서 수집한 500여 점의 각종 생활용품과 농기구들이 전시되어 있고 2층 전시실은 월곡공자료실과 역대선조자료실, 장서실, 현대자료실로 구성되어 있다. 월곡공자료실에는 우배선의 유품인 &lt;화원우배선의병진군공책 및 관련자료(보물 제1334호)&gt; 등과한 선조의 교지 홍패 등 유품 400여 점이 전시되어 있다. 야외전시장에는 초가집을 세워 대장간과 부엌, 맷돌, 장독대를 만들고 여러 가지 생활용품을 진열하여 조상들의 생활상을 짐작할 수 있도록 하였다.	",,대구광역시 달서구 송현로 7길 38,053-642-5516,"이용시간|AM 10:00 ~ PM 06:00 (하절기) AM 10:00 ~ PM 05:00 (동절기) 휴관일 : 월요일, 일요일, 공휴일","[35.8192039, 128.5456522]"
178.0,월광수변공원,"	온갖 나무와 꽃을 비롯해 각종 편의시설과 체육시설이 잘 어우러진 휴식공간이며, 특히 음악과 율동에 맞춰 물을 쏘아 올리는 음악분수가 이채롭다. 	",,대구광역시 달서구 도원동 952,053-667-2851,이용시간|,"[35.7981316, 128.5472838]"
179.0,유가사,"	동화사의 말사인 유가사는 신라 흥덕왕2년에 도성국사에 의해 창건되었으며, 절 이름은 비슬산의 바위모습이 아름다운 구슬과 부처의 형상과 같다 하여 지은 이름이다. 그 뒤로 여러차례 중수 과정을 거쳐 오늘에 이르고 있다. 부속 암자로는 수도암, 청신암, 도성암을 거느렸다. 범종각 부근에서 대웅전 지붕 위를 올려다보면 비슬산 바위군이 기와처럼 대웅전 위에 얹혀있는 모습을 보게 된다. 근처에는 도성암과 도통바위 등이 자리잡고 있다. <좀 더 알아보기> 동화사의 말사인 유가사는 신라 흥덕왕2년에 도성국사에 의해 창건되었으며 절 이름은 비슬산의 바위모습이 아름다운 구슬과 부처의 형상과 같다 하여 옥 유(瑜), 절 가(伽)자를 따서 지어졌다고 경내에 세워진 안내판에 적혀있다. 그 뒤로 진성여왕 3년에 원잠선사가 개축하는 등 여러차례 중수 과정을 거쳐 오늘에 이르고 있다. 부속 암자로는 수도암, 청신암, 도성암을 거느렸다. 범종각 부근에서 대웅전 지붕 위를 올려다 보면 비슬산 바위군이 기와처럼 ...중략",http://yugasa.net/,대구광역시 달성군 유가면 유가사길 161,053-614-5115,이용시간|제한 없음,"[35.7144672, 128.5074997]"
180.0,유치곤 장군 호국 기념관,"	6. 25전쟁 당시 한국공군 전투기 조종사로는 유일하게 203회 불멸의 출격 기록을 수립한 고 유치곤 장군의 위업을 기리고, 나라사랑과 호국정신을 계승 발전시키는 역사의 산 교육장으로 활용하고자 빨간마후라 유치곤장군 호국기념관을 준공하여 개관하였다. <좀 더 알아보기> 유치곤장군은 1927년 달성군 유가면 쌍계리에서 태어나 6.25전쟁 당시 공군 전투조종사로서 나라를 위해 목숨을 걸고 용감히 싸운 전쟁영웅이다. 그는 1951년 10월 11일 F-51전투기 조정사로 강릉공군기지에서 첫 출격을 시작으로 승호리 철교 폭파 작전을 비롯하여 수많은 전투에 참가하여 전쟁을 승리로 이끈 전공을 세움으로써 6.25 전쟁 중에 을지무공훈장과 충무무공훈장 각3회를 비롯하여 모두 12회에 달하는 각종 최고 훈장을 수훈함으로써 전투조종사로서 최고의 영예를 획득하였다. 그리고 우리 공군사에 유일하게 203회 출격 기록을 남겼다. 2000년 1월 전쟁기념사업회에서는 이와 같은 공로를 기리기 위해 호국인물로...중략",,대구광역시 달성군 유가면 휴양림길 375,053-615-7575,이용시간|AM 09:00 ~ PM 06:00,"[35.7001083, 128.4989852]"
181.0,육신사,"	박팽년만 후손에 의해 배향되다가 나중에 현손(玄孫) 계창이 박팽년의 기일에 여섯 어른이 사당 문 밖에서 서성거리는 꿈을 꾼 후 나머지 5위의 향사도 함께 지내게 되었다. 처음에는 육신사의 전신인 낙빈사(洛濱祠)를 지어 제향하여 오다가 1691년(숙종17) 낙빈서원을 건립하여 제사를 지냈다. 1866년(고종3) 흥선대원군의 서원 철폐령으로 낙빈사가 서원(書院)과 함께 철거되었으며, 1924년 낙빈서원이 재건되면서 위패를 다시 봉안하게 되었다. 이후1974년 충효위인 유적정화사업에 따라 현재의 위치에 육신사로 이름을 붙여 사당을 재건하였다. 사우건물인 숭정사에는 육신과 더불어 박팽년의 부친인 중림(仲林, ~ 1456 )의 위패도 함께 봉안되어 있으며 정면5칸, 측면3칸의 규모에 겹처마 팔작지붕으로 되어 있어 웅장한 느낌을 준다. 경내에는 이외에도 정면5칸 측면 1칸 반 규모의 홑처마 팔작지붕인 숭절당, 외삼문, 삼층각 등이 있고 사당 앞에는 사육신의 행적을 기록한 육각기념비(1979년...중략",,대구광역시 달성군 하빈면 육신사길 64,053-668-3163,이용시간|대구관광정보센터에서 출발하는 관광코스로서는 오전 10시에 출발하여 육신사 관광 코스를 마칠 수 있다.,"[35.9110992, 128.4166761]"
182.0,음악다방 쎄라비,"	""추억의 음악다방에서 드라마 주인공 되어보기
‣ 드라마 <사랑비> 세트장.에서 신청곡 감상과 함께 커피를 마시며 쉬어가는 여정
‣ 네온사인 반짝이는 무대와 뮤직 박스가 마련된 다방 내부에는 1970년대 음악다방의 모습이 고스란하다. 통기타, 외국 가수 포스터, LP판, 공중전화 등 복고풍 소품이 어우러져 있다 ""	",,대구광역시 중구 국채보상로 102길 60 ,053-255-8308,이용시간|10:00~20:00 (휴무 - 매주 일요일),"[35.867887, 128.5865982]"
183.0,"이상화고택, 서상돈고택","	""일제에 항거한 대구 출신의 독립운동가를 만난다
‣ 이상화 시인은 일제강점기에 민족의 광복을 위해 저항 정신의 횃불을 밝힌 시를 지었다.
그의 시향이 이상화고택에 남아 있다
‣ 서상돈은 정부가 일본에 빚을 많이 져 국권을 상실한다고 생각하여 1907년 금연으로 나라의 빚을 갚자는 국채보상운동을 벌였다""	",http://www.sanghwa.or.kr,대구광역시 중구 서성로 6-1, 053-256-3762,이용시간|AM 10:00 ~ PM 05:30,"[35.86723569999999, 128.5878192]"
,,,,,,,
185.0,이월드(E-World),"""영남권 최대 테마파크에서 낭만적인 시간 보내기
‣ 놀이기구와 전시공간이 공존하는 유럽식 도시공원으로 남녀노소 누구나 즐길 수 있는 공간
‣ 정문광장을 지나면 우산 빛 로드, 별빛계단, 로맨틱가든 등 83개의 포토존을 만난다.
‣ 83타워 전망대는 밤이 되면 오색찬란한 이월드 야경과 대구 시내 야경이 360도로 펼쳐진다. 별빛축제 기간에는 더욱 화려한 밤을 즐길 수 있다.
이용시간 - 11:00~21:00(매월, 주중, 주말에 따라 다름.홈페이지 참고)
주중 20:00 이후에는 바이킹, 탬버린, 에어레이스 등 14개 어트렉션만 운행.
동물농장  주중 10:00~18:00, 주말 10:00~19:00
[입장권] 어른 26,000원, 청소년 16,000원, 어린이 15,000원
[자유이용권] 어른 45,000원, 청소년 40,000원, 어린이 35,000원",http://www.eworld.kr,대구광역시 달서구 두류공원로 200,053-620-0001,장애인 편의시설|휠체어 대여,"[35.8540248, 128.5634167]"
186.0,이천동 고미술거리,"
 남구 수도산 자락에서 전통사찰 서봉사와 99계단 벽화마을을 지나면 이천동 고미술거
리를 만나게 된다. 서울의 인사동 거리처럼 고미술거리에는 문화재매매업소가 모여 있어 
선인들이 사용하던 민속품, 고가구 등 구경하는 재미가 쏠쏠하다. 고미술거리 외 이천동
에는 적산가옥, 한옥카페, 이인성 벽화거리 등 골목 곳곳에 심겨진 문화를 더듬어 볼 수 
있다.
",http://nam.daegu.kr/tour/,대구광역시 남구 명덕로 262,053-664-3252,,"[35.8553239, 128.5985902]"
187.0,인흥마을(남평문씨 본리 세거지),"	"" 문익점의 후손들이 대대손손 살아온 남평 문씨 집성촌
‣ 문익점의 18대 후손인 문경호가 터를 닦고 남평 문씨 일가가 집성촌을 이룬 마을
‣ 전형적인 배산임수 구조에 집과 도로가 반듯하게 정리되어 있어 주변 정경과 어우러져 아늑하고 평화로운 분위기를 풍긴다. 세거지 입구에 연못 등 쉼터가 잘 가꿔져 있으며 문화관광해설사도 배치되어 있다  ""	",,대구광역시 달성군 화원읍 인흥3길 16,053-631-8686,이용시간|일출~일몰 시,"[35.7924874, 128.5179917]"
188.0,인흥서원,"	화원읍 본리리에 있는 서원으로서, 추계 추씨(秋溪 秋氏)의 중시조이며 고려 충렬왕 때의 문신인 노당 추적선생을 봉안한 서원이다. 조선 순조25년(1825년)10월에 팔도 유림과 20대손인 추세문에 의해 창건되었는데 대원군의 서원정리 당시에 화를 면하여 원형을 그대로 보존하고 있다. 경내에는 정면 5칸, 측면 2칸으로 되어 있고 팔작 지붕의 서원을 비롯하여 정면 3칸, 측면 2칸 맞배지붕의 사당 등 6동의 건물이 있고 신도비가 있으며 추적 선생이 쓴 명심보감 목판 31매가 유일본으로 유형문화재 제37호로 지정되었다.	",,대구광역시 달성군 화원읍 인흥 2길 26,053-631-9289,이용시간|제한없음,"[35.7896442, 128.5155649]"
,,,,,,,
190.0,자연염색박물관,"	""자연염색에 필요한 유물과 도구들을 전시하고 자연염색과 관련한 다양한 체험프로그램이 있다.
• 관람 : 10:00~17:00(매주 월요일 휴관)""	",http://www.naturaldyeing.net,대구광역시 동구 파계로 112길 17(중대동 467),053-981-4330,이용시간|,"[35.97939580000001, 128.6363483]"
,,,,,,,
192.0,조길방 가옥,"	이 건물은 약 290년 전에 지은 집으로 이 마을에서 가장 오래된 가옥이라고 한다. 안채, 사랑채, 아래채로 구성되어 있으며 사랑채와 아래채는 나중에 고쳐 지은 것이다. <좀 더 알아보기> 깊은 산골 경사가 급한 산간마을에 자리한 초가로, 현 소유자의 9대조가 이곳에 정착하면서 지은 집이라고 한다. 사랑채는 60여년전에 확장하였고, 아래채는 30여년 전 무너진 것을 다시 지은 것이다. 산 전체가 서향으로 경사져 있고 그 안에 마을이 숨듯이 자리하여 집들은 자연히 모두 서향하게 되었다. 예전에는 15호 가량의 집들이 있었으나 지금은 6호만 남아있고, 이 집이 이 마을에서는 가장 오래된 건물이다. 높은 축대 위에 지은 안채를 중심으로 오른쪽에는 사랑채, 왼쪽에는 아래채가 부속건물처럼 낮게 마주보고 배치되어 있다. 안채의 앞면 벽에는 크기가 매우 작은 여닫이 문 1짝이 있는데, 출입보다는 채광과 통풍을 위해 만든 것으로 보인다. 초가로는 보기 드물게 오래된 건축으로, 특히 안채 창호문의...중략",,대구광역시 달성군 가창면 조길방길 92-1,053-668-3163,이용시간|제한 없음,"[35.7557373, 128.5818629]"
193.0,종로,"	과거 영남제일관에서 포정문까지 이르는 거리를 말한다. 구한말부터 화교들이 정착하기 시작했으며 대구에서 최초로 가구상들이 밀집했던 곳이기도 하다. 현재 남성로네거리를 중심으로 전통차, 다기, 한방, 골동품 등의 상권을 이루고 있다.	",,대구광역시 중구 종로 일대,053-661-2623,이용시간|,"[35.8707296, 128.5914441]"
,,,,,,,
195.0,청라언덕,"	""대구 속 몽마르트르 언덕에서 낭만 여행
‣ 대구 근대화의 중심지이자, 100여 년의 역사가 고스란히 녹아 있는 곳
‣ 이국적인 서양식 주택과 무성한 나무, 아기자기한 정원이 있어 사계절 내내 아름답다
‣ 선교사주택, 의료선교박물관에서 근대 건축 양식과 서양 의학의 흔적을 엿 볼 수 있다 ""	",,대구광역시 중구 달성로 56,053-627-8986 (대구관광정보센터),이용시간|제한 없음,"[35.8691033, 128.5831777]"
196.0,칠곡향교,"	향교는 문묘와 어진 유학자의 위패를 모시고, 유학을 가르쳐 인재를 양성하는 조선시대의 지방교육기관이었다. 칠곡향교는 학문을 연구하는 장소인 명륜당을 앞에 두고 묘당인 대성전을 뒤로 배치하였다. <좀 더 알아보기> 1977년 11월 22일 대구광역시문화재자료 제6호로 지정되었다. 향교는 문묘와 어진 유학자의 위패를 모시고, 유학(儒學)을 가르쳐 인재를 양성하는 조선시대의 지방교육기관이었다. 칠곡향교는 대구광역시 북구 읍내동 칠곡중학교 안에 있으며, 학문을 연구하는 장소인 명륜당이 앞에 있고 묘당(廟堂)인 대성전(大成殿)이 뒤에 있는 전학후묘(前學後廟) 배치 방식을 따랐다. 대성전은 정면 5칸, 측면 3칸으로 홑처마 맞배지붕을 하고 있다. 17세기 초기에 처음 지어졌다고 하나 건물 양식과 현판의 기록으로 보아 20세기 초기에 지어진 건물로 추정된다.	",,대구광역시 북구 칠곡중앙대로 597,053-322-0430,이용시간|제한없음,"[35.9491846, 128.5509784]"
197.0,카페골목,"	""카페골목에서 커피 향에 취하기
‣ 2008년부터 카페들이 모여 동성로 카페거리 형성
‣ 200m 남짓한 골목에 각자의 개성이 뚜렷한 카페가 줄지어 있다
‣ 커피 챔피언들이 모여 만든 카페, 츄러스가 유명한 카페, 빙수가 유명한 카페 등 커피 뿐 아니라 다양한 메뉴가 있어 취향에 따라 고를 수 있다 ""	",http://daegu.go.kr,대구광역시 중구 동성로4길,053-252-2696 (동성로 관광안내소),판매품목|,"[35.8670693, 128.5990952]"
,,,,,,,
199.0,코오롱야외음악당,"	2000년 9월 29일에 개관한 대구 코오롱야외음악당은 단일공연장으로서는 국내 최대의 규모로 두류공원 내에 위치하고 있다. 접근성이 좋아 많은 시민들이 찾고 있는 장소로 유명하다. 또한 1만 여평의 넓은 잔디광장에 2만 7천명을 수용할 수 있으며, 음악회를 비롯하여 연극, 뮤지컬, 오페라 등의 무대공연도 가능하여 문화공연이 많이 개최되고 있다. 이용자격에 제한을 두지 않는 개방적인 공간이다. 탁 트인 야외에서 휴식을 겸하여 공연을 감상할 수 있으어 시민의 곁으로 한 걸음 다가서는 열린 문화공간으로서의 역할을 다 할 것으로 기대된다.	",http://artcenter.daegu.go.kr,대구광역시 달서구 공원순환로 46 (두류공원 내),053-606-6450,이용시간|행사에따라 다름,"[35.8472435, 128.5577828]"
200.0,퀸스로드,"	대구 중리체육공원 부근에 위치한 퀸스 로드는 다양한 근린생활시설을 비롯해 뷰티점, 헬스장, 식당, 패션타운 등을 보유한 복합문화공간이다. 여유로운 주차 공간도 보유하고 있다.	",http://www.queensroad.co.kr/,대구광역시 서구 평리로 35길 18-17,053-552-4800,판매품목|의류,"[35.8617229, 128.545071]"
201.0,태고정,"	이 건물은 조선 성종 10년(1479) 박팽년의 손자인 박일산이 세운 별당건축이다. 일명 ‘일시루 (一是樓)’라고도 한다. 지금 있는 건물은 선조 25년(1592) 임진왜란 때 불타서 일부만 남았던 것을 광해군 6년(1614)에 다시 지은 것이다. 현재 대청에는 임진왜란 후 치찰사로 온 윤두수의 한시를 새긴 현판과, 정유재란 후 명군 선무관이 남긴 액자들이 있다. 네모난 모양의 단 위에 서 있으며 앞면 4칸 ·옆면 2칸 크기로, 동쪽 2칸은 대청마루이고, 서쪽 2칸은 방으로 꾸몄다. 대청 앞면은 개방되어 있다. 규모는 그리 크지 않은 건물이지만 가구나 세부가공이 정교한 편이다.	",,대구광역시 달성군 하빈면 육신사길 62,053-668-3163,이용시간|제한없음,"[35.910512, 128.4165379]"
202.0,파계사,"	""팔공산 자락 아래 고색창연한 분위기를 품은 사찰 산책
‣ 신라시대에 창건된 고찰로 동화사의 말사이다. 사찰 규모는 그리 크지 않지만 보물과 문화재급 건물이 많고 조용하고 아늑한 분위기
‣ 팔공산 자락 아래 펼쳐진 사찰은 숲과 계곡으로 둘러싸여 멋스러운 느낌이다. 매표소에서 사찰까지 이어진 진입로도 무척 운치 있다 ""	",http://www.pagyesa.org,대구광역시 동구 파계로 741,053-984-4550,"이용시간|일출~일몰 시 / 어른 1,500원, 청소년 1,000원, 어린이 500원","[36.0015193, 128.6406988]"
,,,,,,,
204.0,파워클라이밍센터,"	""아슬아슬 짜릿한 스포츠 클라이밍 도전!
‣ 다채로운 난이도와 홀더를 보유한 암장에서 스릴 넘치는 암벽타기
‣ 우수 클라이머를 꾸준히 배출해 낸 유명 실내암장
‣ 굵은 땀방울이 비 오듯 떨어지고 손가락은 파르르 떨리지만, 힘겹게 정상에 도달했을 때의 쾌감은 무엇과도 바꿀 수 없다
이용시간
14:00~24:00(월~금요일)
새내기 암벽교실 09:00~17:00
(토, 일 중 하루)
입장료
일반
월 60,000원(3개월 16만원, 6개월 30만원)
학생
월 50,000원(3개월 13만원, 6개월 18만원)
일일 회비 : 8,000원
(암벽화, 쵸크 가루 대여료 2,000원 별도)
쿠폰 10장 : 6,000원,
쿠폰 20장 : 100,000원
매월 새내기 암벽교실
(토, 일 중 하루 9시~17시 수강료 : 30,000원)
""	",http://www.powerclimbing.org,대구 수성구 달구벌대로 467길 13 ,053-743-8850,장애인 편의시설|,"[35.8601563, 128.6180892]"
205.0,팔공산자연공원,"경상북도와 대구광역시에 걸쳐 있는 산으로 높이는 1,192m이다. 대구광역시 중심부에서 북동쪽으로 약 20㎞ 떨어진 지점에 솟은 대구의 명산으로 널리 알려져 있다. 주봉인 비로봉(毘盧峰)을 중심으로 동 / 서로 20㎞에 걸쳐 능선이 이어진다. 예로부터 신라시대에는 부악(父岳), 중악(中岳), 공산(公山), 동수산(桐藪山) 등 여러 이름으로 불렸으며 고려시대에는 공산으로 불려지다가 조선시대에 와서 지금의 팔공산으로 명하고 있다. &lt;좀 더 알아보기&gt; 팔공산은 대구광역시의 중심에서 북동 방향으로 약 20km 지점에 태백산맥이 남으로 힘차게 내딛다가 낙동강과 금호강이 만나는 곳에 우뚝 멈추어 장엄하게 솟은 산으로 해발 1,192m의 비로봉을 중심으로 동봉(일명, 미타봉 1,155m)과 서봉(일명, 삼성봉 1,150m)이 어깨를 나란히 웅자를 겨루고 있으며 행정구역으로는 대구광역시 동구에 속하고 영천시, 경산시, 칠곡군, 등 4개 시.군을 경계로 총면적이 30.593㎢이다. 팔공산...중략",https://www.daegu.go.kr/env/index.do?menu_id=00000914&servletPath=%2Fenv,대구광역시 동구 팔공산로 199길 6-1,053-982-0005,이용시간|제한없음,"[35.989954, 128.6961631]"
206.0,팔공산케이블카,"	""팔공산과 대구 시내 전경이 한눈에
‣ 6인승 케이블카를 타고 해발 820m까지 펀안하게 올라간다
‣ 케이블카 정상역에 도착하면 팔공산과 대구 시내 전경을 한눈에 바라볼 수 있다
‣ 케이블카 정상역 주변에는 산책로, 등산코스, 전망대, 소원의 언덕, 사랑의 터널 등 다양한 즐길거리가 있다  ""	",http://www.palgongcablecar.com,대구광역시 동구 팔공산로185길 51,053-982-8801~3,"이용시간|3, 9, 10월 09:30~18:00,4월 09:30~18:20,5~8월 09:30~18:50,11월 09:30~17:10,2~2월 09:30~17:00(주말에는 계절별로 10~30분 연장 운행)","[35.9909143, 128.6948362]"
,,,,,,,
,,,,,,,
209.0,하목정,"	1995년 5월 12일 대구시유형문화재 제36호로 지정되었다. 1604년(선조 37) 임진왜란 당시 의병장이었던 이종문이 세운 정자이다. 하목정이라는 명칭은 인조가 왕위에 오르기 전 이곳에 머문 적이 있어 그 인연으로 이종문의 맏아들 이지영(李之英)에게 써준 것이다. 정면 4칸, 측면 2칸 규모로, 우측 1칸에는 앞쪽으로 누 1칸을 첨가하고 뒤쪽으로 방 1칸을 더 만들어 평면이 정자형(丁字形)으로 구성되었다. 처마곡선이 부채모양의 곡선으로 된 특이한 형태의 팔작지붕 기와집이다.	",,대구광역시 달성군 하빈면 하목정길 56-10,053-668-3161~3,이용시간|제한없음,"[35.8818156, 128.397719]"
,,,,,,,
,,,,,,,
,,,,,,,
213.0,한국섬유개발연구원,"	1977년 9월 경북섬유기술전문훈련소로 설치한 뒤, 몇 년의 발전과 개정과정을 거쳐1996년 4월 지금의 명칭으로 확대, 개편하였다. 주요활동은 신제품 개발본부 운영에 의한 공정 및 제품개발, 섬유제품 품질향상을 위한 시험 및 분석 지원, 섬유정보지원본부 운영에 의한 섬유특화정보 발굴·지원, 섬유도서관 및 직물리소스센터 운영에 의한 기술 및 상품기획 지원 등이다. 조직은 신제품개발본부·섬유정보지원본부의 2본부와 8팀으로 구성되어 있다.	",http://www.textile.or.kr/,대구광역시 서구 국채보상로 136,053-560-6600,이용시간|AM 09:00 ~ PM 06:00,"[35.86802970000001, 128.5458063]"
214.0,한국영상 박물관,"	세계에서 제일 작은 박물관이며, 단 하나밖에 없는 유일한 비디오 카메라 박물관이다. 각 국가에서 제작된 비디오 카메라와 영상관련 기계, TV,영화필름, 영상물 콘텐츠 자료 등을 수집, 보전, 전시하고 있다. 미래 영상산업의 발전과 영상교육의 장을 만들고 영상예술의 진흥과 발전의 역할을 수행할 것이다.	",http://www.kvm.or.kr/,대구광역시 중구 중앙대로 456-8,053-423-4732,"이용시간|AM 10:00 ~ PM 05:00 휴관일 : 토요일, 일요일","[35.8736304, 128.5951653]"
215.0,한국은행 화폐 전시관,"	화폐전시관은 총면적 298㎡에 「우리화폐 전시관」 과 「세계화폐 전시관」으로 구성되어 있으며, 고대로부터 현대까지 세계 65개국 총 1,800여점의 화폐 및 관련물품이 전시되고 있다.	",http://www.bok.or.kr/broadcast.action?menuNaviId=1417,대구광역시 중구 동덕로 145,"053-429-0246, 0254",이용시간|AM 09:30 ~ PM 04:00 휴관일 : 공휴일,"[35.8679955, 128.6031004]"
,,,,,,,
,,,,,,,
218.0,한천서원,"	이 서원은 고려개국공신 태사 충렬공 전이갑과 충강공 전의갑 형제를 기리기 위해 세워진 곳이다. 팔공산 동수에서 견훤군과 맞서 싸우다 태조 왕건을 피신시키고, 장절공 신숭겸 장군등과 함께 장렬히 전사하여 그들의 영명을 후세에까지 남겼다. 뒷날 태조가 몹시 슬퍼하여 전이갑은 통합삼한개국공신 태사 충렬공으로 추증하고 전의갑은 시중개국공신 충강공으로 봉하였다. 공의 충절이 병조, 예조등 열성조 수교가 조선왕조에도 전교 되어 서기 1864년(고종 8년)에 서원 철폐령으로 훼철된 후 설단하고 제각을 지어 공의 높은 충의를 기려오다가 서기 1989년 서원으로 복원되었다. 대지 800평 규모에 1곽 3동으로 되어 있으며 뜰에는 달성군 보호수 8-1호인 1000년 된 은행나무가 있다.	",,대구광역시 달성군 가창면 가창동로 117,053-611-4465,이용시간|제한없음,"[35.7801655, 128.6544057]"
,,,,,,,
220.0,현풍곽씨 12정려각,"	현풍곽씨 일문에 삼강을 지킨 28인의 공을 기린 12각이 나열되어 있으며, 각 정려의 건립연대는 각각 다르나 조선 영조 때에 정려를 받아 이들의 현판이 봉안되어 있는 곳이다. 건물은 정면 12칸, 측면 2칸의 주심포집으로 팔작지붕이며 이 안에는 2기의 비석과 12개의 현판이 있다. 건물과 현판은 최근의 것이나 일문삼강을 비롯한 십이 정려각은 전국에서도 그 유례가 흔치 않은 것 중의 하나로써 중요한 민족 사적인 유산이 되고 있다.	",,대구광역시 달성군 현풍면 지동길 3,053-611-4465,이용시간|제한없음,"[35.666701, 128.4294601]"
,,,,,,,
222.0,현풍향교,"	문화재 자료 제 27호이다. 원래 있었던 건물은 임진왜란때 소실되었고, 전후 현감 이영도가 구교동에 중건하였던 것을 영조때 현감을 지낸 김광태가 지금의 자리로 옮겨 지은 것이다. 그 후 고종 광무5년에 현감 허길이 중수하고, 1931년에 군수 신현구가 다시 대성전, 명륜당 및 동·서무를 중수하였다.	",,대구광역시 달성군 현풍면 현풍동로 20길 27-8,053-611-9812,이용시간|제한없음,"[35.7015104, 128.451849]"
223.0,화원유원지,"	""대구의 숨은 비경을 간직한 동산에서 힐링
‣ 낙동강 줄기, 전나무 숲 등 다양한 풍경 속을 걷거나 전기차로 이동하는 쉽고 편안한 여정.
화원동산 입장료는 없고, 전기차 이용 시 비용 발생
‣ 왼편 언덕을 따라 낙동강 줄기가 시원하게 내려다보이는 산책로가 이어진다. 전망대에서 바라보는 금호강과 낙동강 합류 지점의 달성습지 풍경이 압권이다
‣ 드라마 <괜찮아 사랑이야>에서 두 주인공이 데이트하며 걷던 길이 고즈넉하게 펼쳐진다
""	",http://www.dssiseol.or.kr/pages/sisul/page.html?mc=1050,대구광역시 달성군 화원읍 사문진로 1길 40-14,"053-635-7112, 053-635-7117",이용시간|AM 06:00 ∼ PM 09:00 (하절기 PM 10:00까지),"[35.8129354, 128.4810178]"
224.0,힐링파크포니목장,""" 이국적인 풍광과 말 타기 체험
‣ 달성군 가창면 최정산의 해발 700m 자락에 위치한 힐링 공간
‣ 넓은 초원에 말들이 어우러져 이국적인 풍광을 연출하고 말 타기, 말과 돼지 먹이주기, 연날리기 등 다채로운 체험 프로그램을 운영
토, 일요일, 공휴일 10:00~18:00,※주중은 단체만 이용 가능""	",http://www.ponyfarm.co.kr, 대구광역시 달성군 가창면 가창로 175길 38-12,053-763-1235,장애인 편의시설|,"[35.7859719, 128.6389734]"
